person,screen_size,err_mm,err_mm_x,err_mm_y,dist_screen_mm, convert_pixel_method, model_method,net_improve
Dor,13.3,17,17,1,[465.],Trigonometric,FullFace,31 
Dor,13.3,3,1,3,[465.],Linear,FullFace,7 
Dor,13.3,27,14,23,[456.],Trigonometric,FullFace,0 
Dor,13.3,17,3,17,[456.],Linear,FullFace,4 
Dor,13.3,26,1,26,[445.],Trigonometric,FullFace,-19 
Dor,13.3,28,17,22,[445.],Linear,FullFace,-16 
Dor,13.3,36,6,35,[451.],Trigonometric,FullFace,-20 
Dor,13.3,32,3,32,[451.],Linear,FullFace,2 
Dor,13.3,32,26,17,[448.],Trigonometric,FullFace,23 
Dor,13.3,26,14,22,[448.],Linear,FullFace,10 
person,screen_size,err_mm,err_mm_x,err_mm_y,dist_screen_mm, convert_pixel_method, model_method,net_improve
Dor,13.3,25,20,16,[459.],Trigonometric,FullFace,-2 
Dor,13.3,18,9,16,[459.],Linear,FullFace,-5 
Dor,13.3,21,4,21,[462.],Trigonometric,FullFace,24 
Dor,13.3,16,15,4,[462.],Linear,FullFace,-12 
Dor,13.3,32,30,9,[448.],Trigonometric,FullFace,-24 
Dor,13.3,13,10,7,[448.],Linear,FullFace,18 
Dor,13.3,32,32,3,[469.],Trigonometric,FullFace,-25 
Dor,13.3,22,19,11,[469.],Linear,FullFace,5 
Dor,13.3,11,10,2,[458.],Trigonometric,FullFace,21 
Dor,13.3,26,25,1,[458.],Linear,FullFace,-10 
person,screen_size,err_mm,err_mm_x,err_mm_y,dist_screen_mm, convert_pixel_method, model_method,net_improve
Dor,13.3,43,43,0,[462.],Trigonometric,FullFace,-5 
Dor,13.3,18,18,5,[462.],Linear,FullFace,-2 
Dor,13.3,53,53,4,[462.],Trigonometric,FullFace,-35 
Dor,13.3,3,3,1,[462.],Linear,FullFace,16 
Dor,13.3,53,52,7,[463.],Trigonometric,FullFace,-38 
Dor,13.3,22,19,9,[463.],Linear,FullFace,-3 
Dor,13.3,42,40,10,[462.],Trigonometric,FullFace,-10 
Dor,13.3,19,19,2,[462.],Linear,FullFace,5 
Dor,13.3,36,35,6,[460.],Trigonometric,FullFace,8 
Dor,13.3,16,15,5,[460.],Linear,FullFace,-2
person,screen_size,err_mm,err_mm_x,err_mm_y,dist_screen_mm, convert_pixel_method, model_method,net_improve
Dor,13.3,40,24,32,[497.],Trigonometric,FullFace,29 
Dor,13.3,13,11,6,[497.],Linear,FullFace,27 
Dor,13.3,85,78,34,[558.],Trigonometric,FullFace,-75 
Dor,13.3,74,61,41,[558.],Linear,FullFace,-37 
Dor,13.3,19,19,2,[511.],Trigonometric,FullFace,8 
Dor,13.3,5,0,5,[511.],Linear,FullFace,27 
Dor,13.3,31,23,21,[480.],Trigonometric,FullFace,35 
Dor,13.3,22,11,19,[480.],Linear,FullFace,21 
Dor,13.3,58,58,1,[553.],Trigonometric,FullFace,-22 
Dor,13.3,46,42,18,[553.],Linear,FullFace,-42
person,screen_size,err_mm,err_mm_x,err_mm_y,dist_screen_mm, convert_pixel_method, model_method,net_improve
Dor,13.3,82,29,76,[530.],Trigonometric,FullFace,8 
Dor,13.3,70,16,68,[530.],Linear,FullFace,-34 
Dor,13.3,5,5,2,[482.],Trigonometric,FullFace,6 
Dor,13.3,38,16,35,[482.],Linear,FullFace,-18 
Dor,13.3,36,35,9,[484.],Trigonometric,FullFace,-6 
Dor,13.3,10,10,2,[484.],Linear,FullFace,16 
Dor,13.3,42,21,36,[542.],Trigonometric,FullFace,17 
Dor,13.3,30,8,29,[542.],Linear,FullFace,-14 
Dor,13.3,45,43,15,[484.],Trigonometric,FullFace,-10 
Dor,13.3,39,39,0,[484.],Linear,FullFace,-9 
person,screen_size,err_mm,err_mm_x,err_mm_y,dist_screen_mm, convert_pixel_method, model_method,net_improve
Dor,13.3,30,18,24,[500.],Trigonometric,FullFace,-20 
Dor,13.3,22,22,3,[500.],Linear,FullFace,2 
Dor,13.3,16,10,12,[518.],Trigonometric,FullFace,13 
Dor,13.3,17,15,7,[518.],Linear,FullFace,22 
Dor,13.3,11,10,3,[512.],Trigonometric,FullFace,2 
Dor,13.3,32,26,18,[512.],Linear,FullFace,-31 
Dor,13.3,72,55,45,[538.],Trigonometric,FullFace,10 
Dor,13.3,131,78,104,[538.],Linear,FullFace,-28 
Dor,13.3,20,5,19,[535.],Trigonometric,FullFace,-10 
Dor,13.3,37,27,25,[535.],Linear,FullFace,-17
person,screen_size,err_mm,err_mm_x,err_mm_y,dist_screen_mm, convert_pixel_method, model_method,net_improve
Dor,13.3,18,17,4,[477.],Trigonometric,FullFace,58 
Dor,13.3,46,46,6,[477.],Linear,FullFace,2
Dor,13.3,33,33,4,[483.],Trigonometric,FullFace,20 
Dor,13.3,11,9,6,[483.],Linear,FullFace,-7
Dor,13.3,19,12,14,[467.],Trigonometric,FullFace,17 
Dor,13.3,13,13,2,[467.],Linear,FullFace,-10
Dor,13.3,20,14,14,[475.],Trigonometric,FullFace,36 
Dor,13.3,13,11,6,[475.],Linear,FullFace,-7
Dor,13.3,32,3,32,[469.],Trigonometric,FullFace,22 
Dor,13.3,55,40,38,[469.],Linear,FullFace,1
person,screen_size,err_mm,err_mm_x,err_mm_y,dist_screen_mm, convert_pixel_method, model_method,net_improve
Dor,13.3,35,17,30,[530.],Trigonometric,FullFace,18 
Dor,13.3,48,39,27,[530.],Linear,FullFace,-25
Dor,13.3,13,3,13,[517.],Trigonometric,FullFace,27
Dor,13.3,32,28,16,[517.],Linear,FullFace,-16
Dor,13.3,2,0,2,[516.],Trigonometric,FullFace,25
Dor,13.3,23,23,3,[516.],Linear,FullFace,6
Dor,13.3,34,17,29,[517.],Trigonometric,FullFace,-3 
Dor,13.3,34,12,32,[517.],Linear,FullFace,4
Dor,13.3,28,12,25,[505.],Trigonometric,FullFace,23 
Dor,13.3,52,49,19,[505.],Linear,FullFace,-16
person,screen_size,err_mm,err_mm_x,err_mm_y,dist_screen_mm, convert_pixel_method, model_method,net_improve,true_pixel_location
Dor, 13.3, 42, 41, 3, [462.], Trigonometric, FullFace, 12, [554, 428]
Dor, 13.3, 30, 30, 3, [462.], Linear, FullFace, 28, [554, 428]
Dor, 13.3, 34, 33, 9, [461.], Trigonometric, FullFace, -14, [865, 119]
Dor, 13.3, 15, 12, 8, [461.], Linear, FullFace, 8, [865, 119]
Dor, 13.3, 15, 4, 15, [461.], Trigonometric, FullFace, 29, [987, 110]
Dor, 13.3, 23, 19, 12, [461.], Linear, FullFace, 5, [987, 110]
Dor, 13.3, 38, 34, 16, [463.], Trigonometric, FullFace, -22, [1085, 46]
Dor, 13.3, 28, 17, 21, [463.], Linear, FullFace, -11, [1085, 46]
Dor, 13.3, 36, 29, 21, [455.], Trigonometric, FullFace, -1, [110, 765]
Dor, 13.3, 45, 40, 21, [455.], Linear, FullFace, -38, [110, 765]
Dor, 13.3, 20, 5, 20, [453.], Trigonometric, FullFace, -19, [569, 396]
Dor, 13.3, 37, 28, 25, [453.], Linear, FullFace, -15, [569, 396]
Dor, 13.3, 26, 25, 9, [459.], Trigonometric, FullFace, -8, [689, 45]
Dor, 13.3, 22, 1, 22, [459.], Linear, FullFace, -19, [689, 45]
Dor, 13.3, 16, 15, 4, [376.], Trigonometric, FullFace, 16, [748, 220]
Dor, 13.3, 11, 8, 7, [376.], Linear, FullFace, 23, [748, 220]
Dor, 13.3, 6, 3, 5, [384.], Trigonometric, FullFace, 15, [413, 197]
Dor, 13.3, 22, 16, 14, [384.], Linear, FullFace, -21, [413, 197]
Dor, 13.3, 37, 37, 5, [366.], Trigonometric, FullFace, -21, [131, 564]
Dor, 13.3, 42, 34, 25, [366.], Linear, FullFace, -1, [131, 564]
Dor, 13.3, 16, 2, 16, [363.], Trigonometric, FullFace, -2, [468, 521]
Dor, 13.3, 38, 10, 37, [363.], Linear, FullFace, 20, [468, 521]
Dor, 13.3, 8, 7, 3, [399.], Trigonometric, FullFace, 25, [839, 174]
Dor, 13.3, 13, 13, 2, [399.], Linear, FullFace, 20, [839, 174]
Dor, 13.3, 30, 30, 7, [370.], Trigonometric, FullFace, -1, [364, 150]
Dor, 13.3, 34, 32, 10, [370.], Linear, FullFace, 15, [364, 150]
Dor, 13.3, 27, 15, 21, [535.], Trigonometric, FullFace, 9, [777, 205]
Dor, 13.3, 33, 29, 15, [535.], Linear, FullFace, -11, [777, 205]
Dor, 13.3, 43, 3, 43, [511.], Trigonometric, FullFace, 19, [161, 752]
Dor, 13.3, 68, 28, 62, [511.], Linear, FullFace, -8, [161, 752]
Dor, 13.3, 193, 130, 141, [345.], Trigonometric, FullFace, 40, [585, 44]
Dor, 13.3, 149, 58, 137, [345.], Linear, FullFace, 32, [585, 44]
Dor, 13.3, 29, 20, 20, [338.], Trigonometric, FullFace, -7, [962, 500]
Dor, 13.3, 71, 45, 54, [338.], Linear, FullFace, -10, [962, 500]
Dor, 13.3, 24, 15, 19, [400.], Trigonometric, FullFace, 44, [1066, 412]
Dor, 13.3, 35, 34, 8, [400.], Linear, FullFace, 4, [1066, 412]
Dor, 13.3, 38, 30, 23, [360.], Trigonometric, FullFace, -26, [559, 616]
Dor, 13.3, 55, 17, 52, [360.], Linear, FullFace, 24, [559, 616]
Dor, 13.3, 30, 4, 30, [328.], Trigonometric, FullFace, -24, [802, 269]
Dor, 13.3, 37, 10, 35, [328.], Linear, FullFace, -11, [802, 269]
Dor, 13.3, 35, 7, 34, [341.], Trigonometric, FullFace, -27, [992, 385]
Dor, 13.3, 59, 26, 53, [341.], Linear, FullFace, -8, [992, 385]
Dor, 13.3, 35, 31, 16, [363.], Trigonometric, FullFace, -23, [114, 429]
Dor, 13.3, 30, 20, 22, [363.], Linear, FullFace, 3, [114, 429]
Dor, 13.3, 33, 11, 31, [328.], Trigonometric, FullFace, -24, [361, 18]
Dor, 13.3, 36, 31, 19, [328.], Linear, FullFace, 5, [361, 18]
Dor, 13.3, 32, 17, 27, [341.], Trigonometric, FullFace, -28, [876, 127]
Dor, 13.3, 29, 15, 25, [341.], Linear, FullFace, -19, [876, 127]
Dor, 13.3, 16, 15, 5, [369.], Trigonometric, FullFace, 5, [337, 238]
Dor, 13.3, 30, 30, 0, [369.], Linear, FullFace, 21, [337, 238]
Dor, 13.3, 27, 9, 26, [374.], Trigonometric, FullFace, -10, [358, 513]
Dor, 13.3, 44, 3, 44, [374.], Linear, FullFace, 34, [358, 513]
person,screen_size,err_mm,err_mm_x,err_mm_y,dist_screen_mm, convert_pixel_method, model_method,net_improve,true_pixel_location
Dor, 13.3, 29, 23, 17, [518.], Trigonometric, FullFace, -21, [187, 373]
Dor, 13.3, 52, 37, 36, [518.], Linear, FullFace, -26, [187, 373]
Dor, 13.3, 49, 35, 33, [489.], Trigonometric, FullFace, -2, [1122, 336]
Dor, 13.3, 58, 23, 53, [489.], Linear, FullFace, -20, [1122, 336]
Dor, 13.3, 5, 4, 3, [485.], Trigonometric, FullFace, 42, [128, 437]
Dor, 13.3, 25, 14, 21, [485.], Linear, FullFace, 0, [128, 437]
Dor, 13.3, 20, 13, 16, [487.], Trigonometric, FullFace, -14, [901, 191]
Dor, 13.3, 38, 6, 37, [487.], Linear, FullFace, -26, [901, 191]
Dor, 13.3, 23, 23, 3, [490.], Trigonometric, FullFace, 16, [861, 458]
Dor, 13.3, 30, 25, 16, [490.], Linear, FullFace, -8, [861, 458]
Dor, 13.3, 9, 4, 8, [475.], Trigonometric, FullFace, 28, [326, 393]
Dor, 13.3, 12, 6, 10, [475.], Linear, FullFace, 2, [326, 393]
Dor, 13.3, 28, 19, 20, [503.], Trigonometric, FullFace, 1, [657, 152]
Dor, 13.3, 51, 17, 48, [503.], Linear, FullFace, -20, [657, 152]
Dor, 13.3, 39, 38, 8, [479.], Trigonometric, FullFace, 5, [864, 434]
Dor, 13.3, 45, 32, 32, [479.], Linear, FullFace, -17, [864, 434]
Dor, 13.3, 46, 24, 40, [495.], Trigonometric, FullFace, -8, [1134, 267]
Dor, 13.3, 59, 8, 58, [495.], Linear, FullFace, -24, [1134, 267]
Dor, 13.3, 50, 16, 47, [481.], Trigonometric, FullFace, 19, [507, 464]
Dor, 13.3, 35, 23, 25, [481.], Linear, FullFace, 16, [507, 464]
Dor, 13.3, 11, 11, 0, [455.], Trigonometric, FullFace, 11, [261, 166]
Dor, 13.3, 18, 1, 18, [455.], Linear, FullFace, -10, [261, 166]
Dor, 13.3, 29, 28, 6, [467.], Trigonometric, FullFace, 38, [707, 600]
Dor, 13.3, 45, 15, 42, [467.], Linear, FullFace, 21, [707, 600]
Dor, 13.3, 50, 50, 1, [470.], Trigonometric, FullFace, -26, [1242, 111]
Dor, 13.3, 55, 52, 19, [470.], Linear, FullFace, -28, [1242, 111]
Dor, 13.3, 15, 15, 3, [472.], Trigonometric, FullFace, -4, [41, 108]
Dor, 13.3, 32, 23, 22, [472.], Linear, FullFace, -16, [41, 108]
Dor, 13.3, 33, 25, 21, [464.], Trigonometric, FullFace, -30, [104, 279]
Dor, 13.3, 58, 34, 46, [464.], Linear, FullFace, -22, [104, 279]
Dor, 13.3, 42, 36, 21, [464.], Trigonometric, FullFace, 17, [640, 464]
Dor, 13.3, 53, 52, 6, [464.], Linear, FullFace, -2, [640, 464]
Dor, 13.3, 12, 9, 6, [454.], Trigonometric, FullFace, 12, [577, 209]
Dor, 13.3, 12, 0, 12, [454.], Linear, FullFace, -2, [577, 209]
Dor, 13.3, 59, 47, 36, [309.], Trigonometric, FullFace, 25, [1060, 610]
Dor, 13.3, 128, 76, 104, [309.], Linear, FullFace, 45, [1060, 610]
Dor, 13.3, 12, 6, 10, [383.], Trigonometric, FullFace, 18, [322, 272]
Dor, 13.3, 29, 24, 17, [383.], Linear, FullFace, 13, [322, 272]
Dor, 13.3, 67, 44, 49, [366.], Trigonometric, FullFace, -50, [497, 554]
Dor, 13.3, 133, 42, 126, [366.], Linear, FullFace, -5, [497, 554]
Dor, 13.3, 58, 20, 54, [760.], Trigonometric, FullFace, -27, [378, 257]
Dor, 13.3, 20, 14, 13, [760.], Linear, FullFace, -10, [378, 257]
Dor, 13.3, 61, 25, 55, [730.], Trigonometric, FullFace, -40, [892, 491]
Dor, 13.3, 21, 21, 1, [730.], Linear, FullFace, 14, [892, 491]
Dor, 13.3, 34, 21, 27, [326.], Trigonometric, FullFace, -5, [788, 206]
Dor, 13.3, 103, 56, 86, [326.], Linear, FullFace, -22, [788, 206]
Dor, 13.3, 46, 31, 33, [384.], Trigonometric, FullFace, -33, [978, 565]
Dor, 13.3, 109, 53, 94, [384.], Linear, FullFace, -27, [978, 565]
Dor, 13.3, 19, 16, 10, [396.], Trigonometric, FullFace, 6, [460, 134]
Dor, 13.3, 24, 21, 11, [396.], Linear, FullFace, -4, [460, 134]
Dor, 13.3, 25, 24, 1, [386.], Trigonometric, FullFace, 21, [1254, 625]
Dor, 13.3, 43, 27, 33, [386.], Linear, FullFace, -23, [1254, 625]
Dor, 13.3, 75, 61, 44, [393.], Trigonometric, FullFace, -58, [134, 742]
Dor, 13.3, 119, 74, 93, [393.], Linear, FullFace, -22, [134, 742]
Dor, 13.3, 17, 10, 13, [387.], Trigonometric, FullFace, 35, [1203, 443]
Dor, 13.3, 45, 16, 42, [387.], Linear, FullFace, -21, [1203, 443]
Dor, 13.3, 20, 6, 19, [381.], Trigonometric, FullFace, 23, [739, 106]
Dor, 13.3, 23, 21, 9, [381.], Linear, FullFace, -6, [739, 106]
Dor, 13.3, 6, 5, 3, [404.], Trigonometric, FullFace, 24, [303, 14]
Dor, 13.3, 25, 4, 24, [404.], Linear, FullFace, -22, [303, 14]
person,screen_size,err_mm,err_mm_x,err_mm_y,dist_screen_mm, convert_pixel_method, model_method,net_improve,true_pixel_location
Dor, 13.3, 27, 6, 26, [455.], Trigonometric, FullFace, 51, [1117, 600]
Dor, 13.3, 35, 14, 32, [455.], Linear, FullFace, 31, [1117, 600]
Dor, 13.3, 19, 15, 11, [464.], Trigonometric, FullFace, 0, [95, 227]
Dor, 13.3, 18, 12, 14, [464.], Linear, FullFace, -11, [95, 227]
Dor, 13.3, 18, 14, 10, [463.], Trigonometric, FullFace, 15, [1096, 266]
Dor, 13.3, 11, 5, 10, [463.], Linear, FullFace, 13, [1096, 266]
Dor, 13.3, 29, 24, 17, [462.], Trigonometric, FullFace, -5, [214, 331]
Dor, 13.3, 34, 28, 19, [462.], Linear, FullFace, -29, [214, 331]
Dor, 13.3, 24, 15, 19, [470.], Trigonometric, FullFace, 19, [1012, 447]
Dor, 13.3, 36, 32, 16, [470.], Linear, FullFace, -5, [1012, 447]
Dor, 13.3, 20, 14, 14, [465.], Trigonometric, FullFace, 3, [292, 641]
Dor, 13.3, 26, 22, 13, [465.], Linear, FullFace, -5, [292, 641]
Dor, 13.3, 10, 10, 1, [464.], Trigonometric, FullFace, 40, [880, 670]
Dor, 13.3, 36, 36, 3, [464.], Linear, FullFace, -5, [880, 670]
Dor, 13.3, 25, 5, 24, [460.], Trigonometric, FullFace, -2, [1071, 572]
Dor, 13.3, 30, 21, 21, [460.], Linear, FullFace, -23, [1071, 572]
Dor, 13.3, 8, 6, 4, [473.], Trigonometric, FullFace, 34, [829, 763]
Dor, 13.3, 33, 33, 1, [473.], Linear, FullFace, -19, [829, 763]
Dor, 13.3, 23, 10, 21, [464.], Trigonometric, FullFace, 5, [815, 534]
Dor, 13.3, 37, 32, 18, [464.], Linear, FullFace, -23, [815, 534]
Dor, 13.3, 21, 14, 15, [457.], Trigonometric, FullFace, 18, [773, 291]
Dor, 13.3, 29, 26, 13, [457.], Linear, FullFace, 3, [773, 291]
Dor, 13.3, 19, 9, 17, [458.], Trigonometric, FullFace, 47, [932, 483]
Dor, 13.3, 32, 24, 21, [458.], Linear, FullFace, 27, [932, 483]
Dor, 13.3, 28, 1, 28, [453.], Trigonometric, FullFace, 1, [924, 135]
Dor, 13.3, 28, 12, 25, [453.], Linear, FullFace, -1, [924, 135]
Dor, 13.3, 32, 31, 7, [467.], Trigonometric, FullFace, 40, [897, 544]
Dor, 13.3, 49, 47, 12, [467.], Linear, FullFace, 12, [897, 544]
Dor, 13.3, 34, 3, 34, [458.], Trigonometric, FullFace, -22, [818, 526]
Dor, 13.3, 40, 23, 32, [458.], Linear, FullFace, -26, [818, 526]
Dor, 13.3, 54, 16, 51, [476.], Trigonometric, FullFace, -28, [218, 26]
Dor, 13.3, 65, 20, 62, [476.], Linear, FullFace, -24, [218, 26]
Dor, 13.3, 50, 26, 42, [472.], Trigonometric, FullFace, -4, [783, 153]
Dor, 13.3, 68, 45, 52, [472.], Linear, FullFace, -16, [783, 153]
Dor, 13.3, 23, 0, 23, [463.], Trigonometric, FullFace, -11, [475, 296]
Dor, 13.3, 30, 8, 29, [463.], Linear, FullFace, -18, [475, 296]
Dor, 13.3, 8, 7, 2, [471.], Trigonometric, FullFace, 40, [909, 339]
Dor, 13.3, 21, 20, 2, [471.], Linear, FullFace, 18, [909, 339]
Dor, 13.3, 16, 16, 2, [469.], Trigonometric, FullFace, 27, [400, 441]
Dor, 13.3, 15, 15, 3, [469.], Linear, FullFace, 28, [400, 441]
Dor, 13.3, 11, 11, 2, [470.], Trigonometric, FullFace, 34, [387, 687]
Dor, 13.3, 2, 1, 1, [470.], Linear, FullFace, 43, [387, 687]
Dor, 13.3, 14, 4, 13, [464.], Trigonometric, FullFace, 6, [560, 155]
Dor, 13.3, 14, 0, 14, [464.], Linear, FullFace, 0, [560, 155]
Dor, 13.3, 10, 3, 10, [465.], Trigonometric, FullFace, 44, [818, 544]
Dor, 13.3, 24, 22, 9, [465.], Linear, FullFace, 12, [818, 544]
Dor, 13.3, 11, 6, 9, [469.], Trigonometric, FullFace, 29, [150, 436]
Dor, 13.3, 15, 10, 11, [469.], Linear, FullFace, 16, [150, 436]
Dor, 13.3, 22, 18, 12, [454.], Trigonometric, FullFace, 29, [995, 484]
Dor, 13.3, 35, 34, 6, [454.], Linear, FullFace, 3, [995, 484]
Dor, 13.3, 15, 0, 15, [448.], Trigonometric, FullFace, 9, [613, 485]
Dor, 13.3, 18, 11, 14, [448.], Linear, FullFace, -7, [613, 485]
Dor, 13.3, 23, 4, 23, [441.], Trigonometric, FullFace, 2, [795, 284]
Dor, 13.3, 27, 18, 19, [441.], Linear, FullFace, -7, [795, 284]
Dor, 13.3, 21, 11, 17, [448.], Trigonometric, FullFace, 10, [1193, 600]
Dor, 13.3, 19, 17, 9, [448.], Linear, FullFace, -2, [1193, 600]
Dor, 13.3, 2, 1, 2, [447.], Trigonometric, FullFace, 33, [496, 522]
Dor, 13.3, 2, 2, 1, [447.], Linear, FullFace, 26, [496, 522]
Dor, 13.3, 43, 42, 5, [440.], Trigonometric, FullFace, -2, [1246, 378]
Dor, 13.3, 24, 24, 0, [440.], Linear, FullFace, 13, [1246, 378]
person,screen_size,err_mm,err_mm_x,err_mm_y,dist_screen_mm, convert_pixel_method, model_method,net_improve,true_pixel_location
Tomer, 14, 29, 26, 13, [464.], Trigonometric, FullFace, 1, [347, 28]
Tomer, 14, 56, 52, 20, [464.], Linear, FullFace, 27, [347, 28]
Tomer, 14, 59, 50, 31, [463.], Trigonometric, FullFace, -26, [724, 453]
Tomer, 14, 49, 39, 29, [463.], Linear, FullFace, 32, [724, 453]
Tomer, 14, 18, 17, 2, [453.], Trigonometric, FullFace, 8, [1035, 522]
Tomer, 14, 13, 13, 2, [453.], Linear, FullFace, 16, [1035, 522]
Tomer, 14, 22, 19, 12, [460.], Trigonometric, FullFace, -2, [399, 115]
Tomer, 14, 44, 43, 7, [460.], Linear, FullFace, 31, [399, 115]
Tomer, 14, 17, 10, 13, [464.], Trigonometric, FullFace, -8, [893, 544]
Tomer, 14, 30, 24, 18, [464.], Linear, FullFace, -7, [893, 544]
Tomer, 14, 19, 7, 17, [467.], Trigonometric, FullFace, -2, [668, 74]
Tomer, 14, 28, 20, 19, [467.], Linear, FullFace, 30, [668, 74]
Tomer, 14, 11, 6, 9, [461.], Trigonometric, FullFace, 3, [1149, 377]
Tomer, 14, 28, 24, 14, [461.], Linear, FullFace, -7, [1149, 377]
Tomer, 14, 37, 37, 4, [468.], Trigonometric, FullFace, -12, [227, 273]
Tomer, 14, 5, 3, 4, [468.], Linear, FullFace, 25, [227, 273]
Tomer, 14, 14, 14, 3, [470.], Trigonometric, FullFace, -2, [1120, 198]
Tomer, 14, 33, 31, 9, [470.], Linear, FullFace, -2, [1120, 198]
Tomer, 14, 31, 21, 23, [463.], Trigonometric, FullFace, -18, [1159, 276]
Tomer, 14, 57, 50, 28, [463.], Linear, FullFace, -55, [1159, 276]
Tomer, 14, 57, 55, 17, [463.], Trigonometric, FullFace, -6, [468, 450]
Tomer, 14, 78, 72, 31, [463.], Linear, FullFace, 28, [468, 450]
Tomer, 14, 35, 0, 35, [458.], Trigonometric, FullFace, 12, [500, 363]
Tomer, 14, 44, 11, 43, [458.], Linear, FullFace, 34, [500, 363]
Tomer, 14, 42, 41, 8, [464.], Trigonometric, FullFace, -2, [798, 333]
Tomer, 14, 68, 67, 8, [464.], Linear, FullFace, -40, [798, 333]
Tomer, 14, 42, 9, 41, [467.], Trigonometric, FullFace, 9, [302, 380]
Tomer, 14, 60, 27, 54, [467.], Linear, FullFace, 31, [302, 380]
Tomer, 14, 8, 1, 8, [474.], Trigonometric, FullFace, -7, [170, 96]
Tomer, 14, 4, 4, 0, [474.], Linear, FullFace, 30, [170, 96]
Tomer, 14, 58, 56, 14, [478.], Trigonometric, FullFace, -26, [690, 578]
Tomer, 14, 41, 40, 6, [478.], Linear, FullFace, 33, [690, 578]
Tomer, 14, 51, 46, 22, [473.], Trigonometric, FullFace, -2, [628, 623]
Tomer, 14, 48, 35, 33, [473.], Linear, FullFace, 27, [628, 623]
Tomer, 14, 55, 49, 24, [476.], Trigonometric, FullFace, 1, [394, 299]
Tomer, 14, 73, 62, 39, [476.], Linear, FullFace, 35, [394, 299]
Tomer, 14, 7, 1, 6, [453.], Trigonometric, FullFace, 16, [825, 238]
Tomer, 14, 8, 5, 5, [453.], Linear, FullFace, 41, [825, 238]
Tomer, 14, 42, 40, 12, [456.], Trigonometric, FullFace, -9, [208, 402]
Tomer, 14, 26, 11, 24, [456.], Linear, FullFace, 10, [208, 402]
Tomer, 14, 4, 4, 2, [466.], Trigonometric, FullFace, 20, [1250, 173]
Tomer, 14, 24, 23, 5, [466.], Linear, FullFace, 21, [1250, 173]
Tomer, 14, 33, 31, 9, [467.], Trigonometric, FullFace, -2, [484, 146]
Tomer, 14, 44, 43, 4, [467.], Linear, FullFace, 33, [484, 146]
Tomer, 14, 29, 23, 17, [457.], Trigonometric, FullFace, 6, [969, 106]
Tomer, 14, 26, 13, 22, [457.], Linear, FullFace, 30, [969, 106]
Tomer, 14, 29, 25, 14, [464.], Trigonometric, FullFace, -1, [485, 100]
Tomer, 14, 39, 38, 11, [464.], Linear, FullFace, 32, [485, 100]
Tomer, 14, 14, 14, 2, [472.], Trigonometric, FullFace, 8, [795, 217]
Tomer, 14, 4, 4, 2, [472.], Linear, FullFace, 45, [795, 217]
Tomer, 14, 11, 11, 0, [468.], Trigonometric, FullFace, 11, [853, 255]
Tomer, 14, 3, 2, 1, [468.], Linear, FullFace, 43, [853, 255]
Tomer, 14, 76, 70, 29, [476.], Trigonometric, FullFace, -7, [576, 594]
Tomer, 14, 82, 69, 44, [476.], Linear, FullFace, 26, [576, 594]
Tomer, 14, 17, 0, 17, [496.], Trigonometric, FullFace, -8, [1046, 205]
Tomer, 14, 22, 12, 18, [496.], Linear, FullFace, 12, [1046, 205]
Tomer, 14, 21, 8, 19, [479.], Trigonometric, FullFace, -3, [904, 136]
Tomer, 14, 21, 5, 21, [479.], Linear, FullFace, 26, [904, 136]
Tomer, 14, 35, 30, 17, [464.], Trigonometric, FullFace, -14, [1175, 536]
Tomer, 14, 23, 12, 19, [464.], Linear, FullFace, 10, [1175, 536]
person,screen_size,err_mm,err_mm_x,err_mm_y,dist_screen_mm, convert_pixel_method, model_method,net_improve,true_pixel_location
Tomer, 14, 25, 20, 14, [286.], Trigonometric, FullFace, -7, [596, 214] 
Tomer, 14, 20, 14, 14, [286.], Linear, FullFace, -9, [596, 214] 
Tomer, 14, 29, 29, 3, [284.], Trigonometric, FullFace, 14, [683, 418] 
Tomer, 14, 26, 25, 4, [284.], Linear, FullFace, -16, [683, 418] 
Tomer, 14, 9, 9, 0, [289.], Trigonometric, FullFace, 18, [387, 209] 
Tomer, 14, 9, 9, 0, [289.], Linear, FullFace, 13, [387, 209] 
Tomer, 14, 22, 15, 15, [302.], Trigonometric, FullFace, -16, [420, 23] 
Tomer, 14, 19, 3, 19, [302.], Linear, FullFace, -4, [420, 23] 
Tomer, 14, 32, 29, 13, [300.], Trigonometric, FullFace, -12, [371, 304] 
Tomer, 14, 26, 1, 26, [300.], Linear, FullFace, 11, [371, 304] 
Tomer, 14, 10, 9, 3, [297.], Trigonometric, FullFace, 23, [800, 327] 
Tomer, 14, 53, 50, 15, [297.], Linear, FullFace, -29, [800, 327] 
Tomer, 14, 23, 21, 9, [346.], Trigonometric, FullFace, 24, [1123, 152] 
Tomer, 14, 8, 1, 8, [346.], Linear, FullFace, 27, [1123, 152] 
Tomer, 14, 35, 33, 11, [338.], Trigonometric, FullFace, 9, [1188, 42] 
Tomer, 14, 19, 8, 17, [338.], Linear, FullFace, 1, [1188, 42] 
Tomer, 14, 30, 21, 21, [325.], Trigonometric, FullFace, 21, [262, 395] 
Tomer, 14, 17, 2, 17, [325.], Linear, FullFace, 28, [262, 395] 
Tomer, 14, 35, 32, 13, [329.], Trigonometric, FullFace, 31, [922, 675] 
Tomer, 14, 40, 40, 5, [329.], Linear, FullFace, -25, [922, 675] 
Tomer, 14, 32, 31, 7, [320.], Trigonometric, FullFace, 20, [573, 592] 
Tomer, 14, 23, 21, 8, [320.], Linear, FullFace, -2, [573, 592] 
Tomer, 14, 7, 6, 4, [322.], Trigonometric, FullFace, 39, [730, 409] 
Tomer, 14, 59, 59, 0, [322.], Linear, FullFace, -24, [730, 409] 
Tomer, 14, 8, 5, 6, [323.], Trigonometric, FullFace, 32, [57, 285] 
Tomer, 14, 28, 27, 8, [323.], Linear, FullFace, -22, [57, 285] 
Tomer, 14, 31, 31, 0, [320.], Trigonometric, FullFace, 18, [638, 633] 
Tomer, 14, 34, 32, 11, [320.], Linear, FullFace, -22, [638, 633] 
Tomer, 14, 29, 28, 6, [321.], Trigonometric, FullFace, 12, [1101, 180] 
Tomer, 14, 11, 11, 2, [321.], Linear, FullFace, 9, [1101, 180] 
Tomer, 14, 22, 17, 13, [316.], Trigonometric, FullFace, -16, [322, 14] 
Tomer, 14, 22, 13, 17, [316.], Linear, FullFace, 12, [322, 14] 
Tomer, 14, 25, 22, 12, [315.], Trigonometric, FullFace, 0, [749, 255] 
Tomer, 14, 28, 22, 17, [315.], Linear, FullFace, -25, [749, 255] 
Tomer, 14, 24, 23, 6, [311.], Trigonometric, FullFace, 21, [133, 520] 
Tomer, 14, 11, 11, 0, [311.], Linear, FullFace, 21, [133, 520] 
Tomer, 14, 23, 23, 1, [313.], Trigonometric, FullFace, 14, [939, 80] 
Tomer, 14, 22, 13, 17, [313.], Linear, FullFace, -18, [939, 80] 
Tomer, 14, 78, 75, 19, [312.], Trigonometric, FullFace, 17, [1137, 699] 
Tomer, 14, 11, 5, 10, [312.], Linear, FullFace, 28, [1137, 699] 
Tomer, 14, 9, 5, 8, [313.], Trigonometric, FullFace, 47, [97, 492] 
Tomer, 14, 39, 39, 3, [313.], Linear, FullFace, -27, [97, 492] 
Tomer, 14, 33, 29, 14, [314.], Trigonometric, FullFace, 16, [314, 467] 
Tomer, 14, 13, 1, 12, [314.], Linear, FullFace, 29, [314, 467] 
Tomer, 14, 45, 42, 14, [313.], Trigonometric, FullFace, 6, [613, 288] 
Tomer, 14, 23, 15, 17, [313.], Linear, FullFace, 29, [613, 288] 
Tomer, 14, 16, 6, 15, [315.], Trigonometric, FullFace, -4, [319, 54] 
Tomer, 14, 14, 6, 12, [315.], Linear, FullFace, 0, [319, 54] 
Tomer, 14, 56, 53, 20, [308.], Trigonometric, FullFace, 16, [710, 658] 
Tomer, 14, 10, 10, 4, [308.], Linear, FullFace, 24, [710, 658] 
Tomer, 14, 19, 14, 13, [314.], Trigonometric, FullFace, -5, [243, 170] 
Tomer, 14, 12, 1, 12, [314.], Linear, FullFace, 14, [243, 170] 
Tomer, 14, 77, 73, 22, [312.], Trigonometric, FullFace, 16, [1073, 656] 
Tomer, 14, 15, 0, 15, [312.], Linear, FullFace, 30, [1073, 656] 
Tomer, 14, 21, 19, 8, [311.], Trigonometric, FullFace, 12, [816, 387] 
Tomer, 14, 44, 42, 13, [311.], Linear, FullFace, -32, [816, 387] 
Tomer, 14, 25, 20, 15, [311.], Trigonometric, FullFace, -10, [631, 91] 
Tomer, 14, 17, 8, 14, [311.], Linear, FullFace, -6, [631, 91] 
Tomer, 14, 48, 48, 0, [310.], Trigonometric, FullFace, 7, [851, 521] 
Tomer, 14, 23, 20, 11, [310.], Linear, FullFace, -7, [851, 521] 
person,screen_size,err_mm,err_mm_x,err_mm_y,dist_screen_mm, convert_pixel_method, model_method,net_improve,true_pixel_location
Tomer, 14, 38, 38, 1, [354.], Trigonometric, FullFace, 41, [1210, 426] 
Tomer, 14, 32, 32, 4, [354.], Linear, FullFace, -9, [1210, 426] 
Tomer, 14, 23, 8, 21, [356.], Trigonometric, FullFace, 45, [665, 494] 
Tomer, 14, 39, 39, 1, [356.], Linear, FullFace, -21, [665, 494] 
Tomer, 14, 58, 29, 50, [356.], Trigonometric, FullFace, 30, [387, 659] 
Tomer, 14, 18, 2, 18, [356.], Linear, FullFace, 41, [387, 659] 
Tomer, 14, 20, 19, 7, [353.], Trigonometric, FullFace, 15, [427, 103] 
Tomer, 14, 13, 13, 1, [353.], Linear, FullFace, 17, [427, 103] 
Tomer, 14, 35, 24, 25, [355.], Trigonometric, FullFace, 28, [271, 322] 
Tomer, 14, 24, 16, 17, [355.], Linear, FullFace, 31, [271, 322] 
Tomer, 14, 26, 22, 14, [352.], Trigonometric, FullFace, 9, [592, 51] 
Tomer, 14, 16, 1, 16, [352.], Linear, FullFace, -5, [592, 51] 
Tomer, 14, 52, 44, 27, [358.], Trigonometric, FullFace, 37, [908, 699] 
Tomer, 14, 43, 38, 20, [358.], Linear, FullFace, -24, [908, 699] 
Tomer, 14, 31, 25, 17, [353.], Trigonometric, FullFace, 19, [1011, 20] 
Tomer, 14, 68, 33, 59, [353.], Linear, FullFace, -28, [1011, 20] 
Tomer, 14, 17, 16, 7, [350.], Trigonometric, FullFace, 34, [904, 230] 
Tomer, 14, 36, 36, 4, [350.], Linear, FullFace, -1, [904, 230] 
Tomer, 14, 62, 14, 60, [352.], Trigonometric, FullFace, 32, [182, 653] 
Tomer, 14, 33, 10, 31, [352.], Linear, FullFace, 26, [182, 653] 
Tomer, 14, 13, 11, 6, [355.], Trigonometric, FullFace, 52, [1029, 465] 
Tomer, 14, 64, 63, 8, [355.], Linear, FullFace, -25, [1029, 465] 
Tomer, 14, 9, 9, 1, [355.], Trigonometric, FullFace, 32, [397, 109] 
Tomer, 14, 1, 0, 0, [355.], Linear, FullFace, 22, [397, 109] 
Tomer, 14, 45, 29, 34, [355.], Trigonometric, FullFace, 24, [195, 300] 
Tomer, 14, 41, 24, 32, [355.], Linear, FullFace, 27, [195, 300] 
Tomer, 14, 15, 7, 13, [359.], Trigonometric, FullFace, 38, [166, 120] 
Tomer, 14, 7, 5, 4, [359.], Linear, FullFace, 19, [166, 120] 
Tomer, 14, 31, 25, 19, [353.], Trigonometric, FullFace, 37, [676, 474] 
Tomer, 14, 25, 24, 6, [353.], Linear, FullFace, -8, [676, 474] 
Tomer, 14, 35, 23, 27, [355.], Trigonometric, FullFace, 35, [519, 467] 
Tomer, 14, 13, 11, 6, [355.], Linear, FullFace, 21, [519, 467] 
Tomer, 14, 46, 38, 25, [367.], Trigonometric, FullFace, 34, [781, 668] 
Tomer, 14, 36, 32, 17, [367.], Linear, FullFace, -12, [781, 668] 
Tomer, 14, 30, 20, 22, [368.], Trigonometric, FullFace, 27, [121, 263] 
Tomer, 14, 22, 3, 22, [368.], Linear, FullFace, 25, [121, 263] 
Tomer, 14, 28, 27, 4, [361.], Trigonometric, FullFace, 24, [772, 150] 
Tomer, 14, 3, 1, 3, [361.], Linear, FullFace, 26, [772, 150] 
Tomer, 14, 55, 49, 25, [375.], Trigonometric, FullFace, 50, [1270, 474] 
Tomer, 14, 26, 10, 24, [375.], Linear, FullFace, 25, [1270, 474] 
Tomer, 14, 56, 4, 55, [377.], Trigonometric, FullFace, 35, [179, 653] 
Tomer, 14, 40, 27, 28, [377.], Linear, FullFace, 7, [179, 653] 
Tomer, 14, 34, 10, 32, [375.], Trigonometric, FullFace, 33, [154, 480] 
Tomer, 14, 20, 16, 12, [375.], Linear, FullFace, 17, [154, 480] 
Tomer, 14, 39, 30, 25, [361.], Trigonometric, FullFace, 8, [1012, 115] 
Tomer, 14, 23, 14, 18, [361.], Linear, FullFace, -8, [1012, 115] 
Tomer, 14, 37, 19, 32, [364.], Trigonometric, FullFace, 32, [215, 312] 
Tomer, 14, 30, 13, 28, [364.], Linear, FullFace, 28, [215, 312] 
Tomer, 14, 8, 8, 3, [361.], Trigonometric, FullFace, 40, [461, 139] 
Tomer, 14, 10, 7, 7, [361.], Linear, FullFace, 21, [461, 139] 
Tomer, 14, 43, 23, 36, [354.], Trigonometric, FullFace, 40, [710, 689] 
Tomer, 14, 48, 47, 6, [354.], Linear, FullFace, -37, [710, 689] 
Tomer, 14, 26, 23, 11, [358.], Trigonometric, FullFace, 31, [520, 218] 
Tomer, 14, 21, 9, 18, [358.], Linear, FullFace, 25, [520, 218] 
Tomer, 14, 53, 42, 31, [357.], Trigonometric, FullFace, 48, [1123, 606] 
Tomer, 14, 37, 34, 13, [357.], Linear, FullFace, -1, [1123, 606] 
Tomer, 14, 35, 31, 16, [361.], Trigonometric, FullFace, -7, [403, 9] 
Tomer, 14, 40, 25, 31, [361.], Linear, FullFace, 0, [403, 9] 
Tomer, 14, 47, 37, 28, [356.], Trigonometric, FullFace, 47, [1092, 692] 
Tomer, 14, 50, 50, 3, [356.], Linear, FullFace, -34, [1092, 692] 
person,screen_size,err_mm,err_mm_x,err_mm_y,dist_screen_mm, convert_pixel_method, model_method,net_improve,true_pixel_location
Tomer, 14, 37, 20, 31, [380.], Trigonometric, FullFace, 23, [129, 284] 
Tomer, 14, 20, 8, 18, [380.], Linear, FullFace, 24, [129, 284] 
Tomer, 14, 16, 7, 14, [383.], Trigonometric, FullFace, 25, [727, 175] 
Tomer, 14, 27, 6, 26, [383.], Linear, FullFace, -11, [727, 175] 
Tomer, 14, 18, 1, 18, [382.], Trigonometric, FullFace, 38, [325, 245] 
Tomer, 14, 15, 14, 4, [382.], Linear, FullFace, 30, [325, 245] 
Tomer, 14, 38, 24, 29, [380.], Trigonometric, FullFace, 35, [27, 532] 
Tomer, 14, 21, 15, 15, [380.], Linear, FullFace, 19, [27, 532] 
Tomer, 14, 12, 6, 10, [377.], Trigonometric, FullFace, 43, [475, 180] 
Tomer, 14, 19, 19, 1, [377.], Linear, FullFace, 27, [475, 180] 
Tomer, 14, 29, 29, 5, [386.], Trigonometric, FullFace, 14, [1087, 56] 
Tomer, 14, 36, 32, 17, [386.], Linear, FullFace, -26, [1087, 56] 
Tomer, 14, 19, 15, 11, [378.], Trigonometric, FullFace, 59, [685, 665] 
Tomer, 14, 21, 20, 7, [378.], Linear, FullFace, -1, [685, 665] 
Tomer, 14, 24, 19, 15, [377.], Trigonometric, FullFace, 25, [388, 231] 
Tomer, 14, 6, 6, 1, [377.], Linear, FullFace, 24, [388, 231] 
Tomer, 14, 23, 22, 5, [374.], Trigonometric, FullFace, 51, [1210, 459] 
Tomer, 14, 39, 38, 8, [374.], Linear, FullFace, -1, [1210, 459] 
Tomer, 14, 31, 26, 15, [377.], Trigonometric, FullFace, 10, [175, 142] 
Tomer, 14, 10, 10, 0, [377.], Linear, FullFace, 16, [175, 142] 
Tomer, 14, 30, 17, 25, [376.], Trigonometric, FullFace, 17, [139, 134] 
Tomer, 14, 8, 2, 7, [376.], Linear, FullFace, 28, [139, 134] 
Tomer, 14, 58, 17, 55, [375.], Trigonometric, FullFace, 38, [109, 591] 
Tomer, 14, 39, 6, 38, [375.], Linear, FullFace, 25, [109, 591] 
Tomer, 14, 24, 21, 12, [376.], Trigonometric, FullFace, 47, [996, 405] 
Tomer, 14, 34, 33, 6, [376.], Linear, FullFace, 1, [996, 405] 
Tomer, 14, 48, 22, 43, [374.], Trigonometric, FullFace, 43, [68, 648] 
Tomer, 14, 30, 12, 27, [374.], Linear, FullFace, 22, [68, 648] 
Tomer, 14, 23, 20, 11, [375.], Trigonometric, FullFace, 29, [810, 476] 
Tomer, 14, 42, 31, 28, [375.], Linear, FullFace, -34, [810, 476] 
Tomer, 14, 40, 39, 9, [378.], Trigonometric, FullFace, 19, [879, 312] 
Tomer, 14, 49, 49, 5, [378.], Linear, FullFace, -9, [879, 312] 
Tomer, 14, 20, 8, 18, [370.], Trigonometric, FullFace, 77, [955, 704] 
Tomer, 14, 6, 5, 2, [370.], Linear, FullFace, 29, [955, 704] 
Tomer, 14, 18, 16, 8, [374.], Trigonometric, FullFace, 55, [776, 593] 
Tomer, 14, 27, 25, 8, [374.], Linear, FullFace, -8, [776, 593] 
Tomer, 14, 29, 26, 13, [378.], Trigonometric, FullFace, 16, [485, 55] 
Tomer, 14, 38, 15, 35, [378.], Linear, FullFace, -26, [485, 55] 
Tomer, 14, 41, 5, 40, [376.], Trigonometric, FullFace, 45, [126, 598] 
Tomer, 14, 25, 7, 24, [376.], Linear, FullFace, 30, [126, 598] 
Tomer, 14, 33, 4, 33, [375.], Trigonometric, FullFace, 47, [481, 460] 
Tomer, 14, 18, 5, 17, [375.], Linear, FullFace, 32, [481, 460] 
Tomer, 14, 36, 36, 1, [376.], Trigonometric, FullFace, 3, [924, 78] 
Tomer, 14, 42, 41, 9, [376.], Linear, FullFace, -19, [924, 78] 
Tomer, 14, 50, 3, 50, [373.], Trigonometric, FullFace, 41, [519, 404] 
Tomer, 14, 38, 8, 37, [373.], Linear, FullFace, 31, [519, 404] 
Tomer, 14, 71, 62, 35, [376.], Trigonometric, FullFace, 7, [64, 332] 
Tomer, 14, 54, 49, 22, [376.], Linear, FullFace, 0, [64, 332] 
Tomer, 14, 25, 19, 16, [375.], Trigonometric, FullFace, 60, [1231, 485] 
Tomer, 14, 37, 32, 18, [375.], Linear, FullFace, 10, [1231, 485] 
Tomer, 14, 24, 11, 21, [375.], Trigonometric, FullFace, 28, [403, 153] 
Tomer, 14, 9, 4, 8, [375.], Linear, FullFace, 33, [403, 153] 
Tomer, 14, 55, 3, 54, [373.], Trigonometric, FullFace, 52, [372, 708] 
Tomer, 14, 40, 6, 39, [373.], Linear, FullFace, 30, [372, 708] 
Tomer, 14, 47, 15, 45, [374.], Trigonometric, FullFace, 42, [357, 531] 
Tomer, 14, 33, 3, 32, [374.], Linear, FullFace, 27, [357, 531] 
Tomer, 14, 51, 45, 23, [375.], Trigonometric, FullFace, 6, [793, 141] 
Tomer, 14, 46, 46, 2, [375.], Linear, FullFace, -15, [793, 141] 
Tomer, 14, 22, 11, 19, [368.], Trigonometric, FullFace, 70, [1058, 634] 
Tomer, 14, 34, 31, 13, [368.], Linear, FullFace, 8, [1058, 634] 
person,screen_size,err_mm,err_mm_x,err_mm_y,dist_screen_mm, convert_pixel_method, model_method,net_improve,true_pixel_location
Tomer, 14, 23, 21, 8, [365.], Trigonometric, FullFace, 39, [804, 569] 
Tomer, 14, 69, 60, 33, [365.], Linear, FullFace, -62, [804, 569] 
Tomer, 14, 24, 8, 22, [364.], Trigonometric, FullFace, 62, [855, 707] 
Tomer, 14, 44, 34, 26, [364.], Linear, FullFace, -9, [855, 707] 
Tomer, 14, 56, 45, 32, [368.], Trigonometric, FullFace, 11, [28, 559] 
Tomer, 14, 53, 52, 6, [368.], Linear, FullFace, -42, [28, 559] 
Tomer, 14, 74, 54, 49, [368.], Trigonometric, FullFace, 9, [127, 452] 
Tomer, 14, 51, 49, 15, [368.], Linear, FullFace, -14, [127, 452] 
Tomer, 14, 57, 23, 52, [366.], Trigonometric, FullFace, 30, [254, 689] 
Tomer, 14, 38, 37, 9, [366.], Linear, FullFace, -2, [254, 689] 
Tomer, 14, 33, 21, 26, [364.], Trigonometric, FullFace, 19, [386, 198] 
Tomer, 14, 4, 3, 2, [364.], Linear, FullFace, 33, [386, 198] 
Tomer, 14, 48, 5, 48, [365.], Trigonometric, FullFace, 34, [432, 425] 
Tomer, 14, 24, 13, 20, [365.], Linear, FullFace, 44, [432, 425] 
Tomer, 14, 26, 24, 10, [366.], Trigonometric, FullFace, 26, [823, 144] 
Tomer, 14, 25, 23, 9, [366.], Linear, FullFace, -1, [823, 144] 
Tomer, 14, 9, 6, 6, [367.], Trigonometric, FullFace, 23, [605, 7] 
Tomer, 14, 33, 11, 31, [367.], Linear, FullFace, 2, [605, 7] 
Tomer, 14, 24, 14, 20, [371.], Trigonometric, FullFace, 55, [935, 610] 
Tomer, 14, 62, 59, 16, [371.], Linear, FullFace, -50, [935, 610] 
Tomer, 14, 55, 27, 48, [367.], Trigonometric, FullFace, 28, [238, 667] 
Tomer, 14, 39, 39, 3, [367.], Linear, FullFace, -8, [238, 667] 
Tomer, 14, 23, 22, 6, [364.], Trigonometric, FullFace, 33, [1150, 344] 
Tomer, 14, 54, 48, 25, [364.], Linear, FullFace, -41, [1150, 344] 
Tomer, 14, 33, 8, 32, [367.], Trigonometric, FullFace, 34, [532, 333] 
Tomer, 14, 2, 0, 2, [367.], Linear, FullFace, 44, [532, 333] 
Tomer, 14, 30, 15, 26, [366.], Trigonometric, FullFace, 44, [567, 673] 
Tomer, 14, 49, 43, 23, [366.], Linear, FullFace, -24, [567, 673] 
Tomer, 14, 25, 21, 14, [365.], Trigonometric, FullFace, 34, [671, 462] 
Tomer, 14, 47, 40, 25, [365.], Linear, FullFace, -35, [671, 462] 
Tomer, 14, 40, 38, 11, [364.], Trigonometric, FullFace, 24, [803, 505] 
Tomer, 14, 73, 70, 22, [364.], Linear, FullFace, -55, [803, 505] 
Tomer, 14, 22, 16, 15, [367.], Trigonometric, FullFace, 72, [1229, 542] 
Tomer, 14, 21, 19, 10, [367.], Linear, FullFace, 17, [1229, 542] 
Tomer, 14, 21, 21, 2, [365.], Trigonometric, FullFace, 38, [1081, 294] 
Tomer, 14, 40, 37, 14, [365.], Linear, FullFace, -19, [1081, 294] 
Tomer, 14, 36, 34, 10, [363.], Trigonometric, FullFace, 26, [873, 416] 
Tomer, 14, 61, 58, 18, [363.], Linear, FullFace, -43, [873, 416] 
Tomer, 14, 30, 11, 28, [367.], Trigonometric, FullFace, 73, [1189, 653] 
Tomer, 14, 30, 30, 1, [367.], Linear, FullFace, 9, [1189, 653] 
Tomer, 14, 33, 32, 6, [369.], Trigonometric, FullFace, 3, [503, 59] 
Tomer, 14, 19, 11, 16, [369.], Linear, FullFace, -3, [503, 59] 
Tomer, 14, 44, 37, 24, [365.], Trigonometric, FullFace, 22, [660, 369] 
Tomer, 14, 43, 43, 3, [365.], Linear, FullFace, -17, [660, 369] 
Tomer, 14, 61, 33, 51, [367.], Trigonometric, FullFace, 24, [202, 648] 
Tomer, 14, 40, 39, 9, [367.], Linear, FullFace, -7, [202, 648] 
Tomer, 14, 42, 41, 8, [366.], Trigonometric, FullFace, -3, [105, 247] 
Tomer, 14, 39, 29, 25, [366.], Linear, FullFace, -26, [105, 247] 
Tomer, 14, 26, 26, 3, [367.], Trigonometric, FullFace, 28, [1107, 248] 
Tomer, 14, 46, 43, 18, [367.], Linear, FullFace, -24, [1107, 248] 
Tomer, 14, 52, 20, 48, [372.], Trigonometric, FullFace, 24, [306, 405] 
Tomer, 14, 17, 8, 15, [372.], Linear, FullFace, 31, [306, 405] 
Tomer, 14, 40, 25, 31, [372.], Trigonometric, FullFace, 15, [157, 342] 
Tomer, 14, 16, 15, 5, [372.], Linear, FullFace, 14, [157, 342] 
Tomer, 14, 66, 55, 37, [376.], Trigonometric, FullFace, 4, [54, 347] 
Tomer, 14, 46, 46, 3, [376.], Linear, FullFace, -22, [54, 347] 
Tomer, 14, 35, 21, 28, [371.], Trigonometric, FullFace, 17, [266, 274] 
Tomer, 14, 9, 7, 5, [371.], Linear, FullFace, 24, [266, 274] 
Tomer, 14, 21, 20, 6, [369.], Trigonometric, FullFace, 40, [831, 530] 
Tomer, 14, 62, 55, 29, [369.], Linear, FullFace, -59, [831, 530] 
person,screen_size,err_mm,err_mm_x,err_mm_y,dist_screen_mm, convert_pixel_method, model_method,net_improve,true_pixel_location
Tomer, 14, 105, 51, 92, [244.], Trigonometric, FullFace, 0, [946, 625] 
Tomer, 14, 14, 12, 6, [244.], Linear, FullFace, 10, [946, 625] 
Tomer, 14, 36, 7, 35, [244.], Trigonometric, FullFace, 0, [712, 97] 
Tomer, 14, 49, 43, 23, [244.], Linear, FullFace, 4, [712, 97] 
Tomer, 14, 69, 48, 50, [242.], Trigonometric, FullFace, 0, [1065, 258] 
Tomer, 14, 47, 39, 27, [242.], Linear, FullFace, 11, [1065, 258] 
Tomer, 14, 82, 4, 82, [245.], Trigonometric, FullFace, 0, [554, 591] 
Tomer, 14, 34, 30, 16, [245.], Linear, FullFace, 2, [554, 591] 
Tomer, 14, 71, 66, 28, [239.], Trigonometric, FullFace, 0, [1150, 32] 
Tomer, 14, 43, 23, 36, [239.], Linear, FullFace, 1, [1150, 32] 
Tomer, 14, 89, 1, 89, [244.], Trigonometric, FullFace, 0, [499, 544] 
Tomer, 14, 4, 3, 1, [244.], Linear, FullFace, 0, [499, 544] 
Tomer, 14, 74, 7, 73, [244.], Trigonometric, FullFace, 0, [412, 391] 
Tomer, 14, 28, 27, 7, [244.], Linear, FullFace, 11, [412, 391] 
Tomer, 14, 90, 37, 82, [248.], Trigonometric, FullFace, 0, [112, 627] 
Tomer, 14, 4, 0, 4, [248.], Linear, FullFace, 13, [112, 627] 
Tomer, 14, 59, 10, 58, [243.], Trigonometric, FullFace, 0, [693, 398] 
Tomer, 14, 48, 37, 30, [243.], Linear, FullFace, 1, [693, 398] 
Tomer, 14, 93, 28, 88, [241.], Trigonometric, FullFace, 0, [857, 629] 
Tomer, 14, 43, 40, 15, [241.], Linear, FullFace, 10, [857, 629] 
Tomer, 14, 45, 19, 40, [243.], Trigonometric, FullFace, 0, [868, 161] 
Tomer, 14, 61, 54, 30, [243.], Linear, FullFace, 8, [868, 161] 
Tomer, 14, 53, 4, 53, [263.], Trigonometric, FullFace, 0, [849, 89] 
Tomer, 14, 56, 51, 23, [263.], Linear, FullFace, 11, [849, 89] 
Tomer, 14, 54, 5, 54, [247.], Trigonometric, FullFace, 0, [775, 320] 
Tomer, 14, 53, 44, 29, [247.], Linear, FullFace, 3, [775, 320] 
Tomer, 14, 100, 13, 99, [247.], Trigonometric, FullFace, 0, [729, 680] 
Tomer, 14, 20, 20, 0, [247.], Linear, FullFace, 6, [729, 680] 
Tomer, 14, 102, 63, 80, [244.], Trigonometric, FullFace, 0, [1193, 416] 
Tomer, 14, 18, 18, 2, [244.], Linear, FullFace, 32, [1193, 416] 
Tomer, 14, 114, 69, 90, [246.], Trigonometric, FullFace, 0, [1215, 496] 
Tomer, 14, 15, 12, 9, [246.], Linear, FullFace, 32, [1215, 496] 
Tomer, 14, 61, 41, 45, [245.], Trigonometric, FullFace, 0, [1037, 163] 
Tomer, 14, 36, 27, 23, [245.], Linear, FullFace, 10, [1037, 163] 
Tomer, 14, 104, 29, 100, [246.], Trigonometric, FullFace, 0, [871, 687] 
Tomer, 14, 20, 19, 4, [246.], Linear, FullFace, 9, [871, 687] 
Tomer, 14, 87, 64, 58, [245.], Trigonometric, FullFace, 0, [1160, 311] 
Tomer, 14, 23, 12, 20, [245.], Linear, FullFace, 8, [1160, 311] 
Tomer, 14, 58, 44, 38, [250.], Trigonometric, FullFace, 0, [47, 181] 
Tomer, 14, 21, 15, 15, [250.], Linear, FullFace, -17, [47, 181] 
Tomer, 14, 47, 20, 42, [249.], Trigonometric, FullFace, 0, [182, 338] 
Tomer, 14, 37, 27, 26, [249.], Linear, FullFace, 14, [182, 338] 
Tomer, 14, 69, 66, 22, [247.], Trigonometric, FullFace, 0, [1234, 6] 
Tomer, 14, 52, 19, 49, [247.], Linear, FullFace, -11, [1234, 6] 
Tomer, 14, 97, 12, 96, [248.], Trigonometric, FullFace, 0, [467, 656] 
Tomer, 14, 8, 8, 1, [248.], Linear, FullFace, -1, [467, 656] 
Tomer, 14, 25, 17, 17, [245.], Trigonometric, FullFace, 0, [415, 36] 
Tomer, 14, 40, 8, 39, [245.], Linear, FullFace, -23, [415, 36] 
Tomer, 14, 98, 28, 94, [247.], Trigonometric, FullFace, 0, [854, 663] 
Tomer, 14, 24, 22, 8, [247.], Linear, FullFace, 9, [854, 663] 
Tomer, 14, 53, 15, 51, [250.], Trigonometric, FullFace, 0, [326, 312] 
Tomer, 14, 18, 12, 13, [250.], Linear, FullFace, 4, [326, 312] 
Tomer, 14, 81, 42, 69, [247.], Trigonometric, FullFace, 0, [1041, 433] 
Tomer, 14, 35, 30, 18, [247.], Linear, FullFace, 12, [1041, 433] 
Tomer, 14, 118, 63, 99, [250.], Trigonometric, FullFace, 0, [103, 652] 
Tomer, 14, 35, 30, 18, [250.], Linear, FullFace, -13, [103, 652] 
Tomer, 14, 102, 18, 100, [249.], Trigonometric, FullFace, 0, [324, 666] 
Tomer, 14, 21, 11, 18, [249.], Linear, FullFace, 2, [324, 666] 
Tomer, 14, 101, 47, 89, [246.], Trigonometric, FullFace, 0, [1034, 560] 
Tomer, 14, 19, 19, 2, [246.], Linear, FullFace, 18, [1034, 560] 
person,screen_size,err_mm,err_mm_x,err_mm_y,dist_screen_mm, convert_pixel_method, model_method,net_improve,true_pixel_location
jonathan, 14.0, 88, 12, 88, [462.], Trigonometric, FullFace, 44, [909, 613] 
jonathan, 14.0, 46, 45, 12, [462.], Linear, FullFace, -18, [909, 613] 
jonathan, 14.0, 14, 4, 14, [448.], Trigonometric, FullFace, 40, [326, 58] 
jonathan, 14.0, 12, 4, 11, [448.], Linear, FullFace, 15, [326, 58] 
jonathan, 14.0, 34, 18, 29, [469.], Trigonometric, FullFace, 62, [1161, 405] 
jonathan, 14.0, 55, 45, 32, [469.], Linear, FullFace, -40, [1161, 405] 
jonathan, 14.0, 63, 2, 63, [466.], Trigonometric, FullFace, 40, [829, 319] 
jonathan, 14.0, 27, 4, 27, [466.], Linear, FullFace, 24, [829, 319] 
jonathan, 14.0, 26, 12, 23, [464.], Trigonometric, FullFace, 7, [103, 97] 
jonathan, 14.0, 27, 17, 21, [464.], Linear, FullFace, -12, [103, 97] 
jonathan, 14.0, 48, 17, 45, [462.], Trigonometric, FullFace, 15, [260, 339] 
jonathan, 14.0, 36, 31, 18, [462.], Linear, FullFace, -17, [260, 339] 
jonathan, 14.0, 1, 0, 1, [461.], Trigonometric, FullFace, 65, [881, 8] 
jonathan, 14.0, 28, 1, 28, [461.], Linear, FullFace, -10, [881, 8] 
jonathan, 14.0, 89, 17, 87, [464.], Trigonometric, FullFace, 31, [637, 596] 
jonathan, 14.0, 44, 40, 16, [464.], Linear, FullFace, -12, [637, 596] 
jonathan, 14.0, 39, 14, 36, [463.], Trigonometric, FullFace, 46, [713, 151] 
jonathan, 14.0, 23, 19, 13, [463.], Linear, FullFace, 27, [713, 151] 
jonathan, 14.0, 63, 12, 61, [472.], Trigonometric, FullFace, 47, [540, 562] 
jonathan, 14.0, 29, 19, 23, [472.], Linear, FullFace, 23, [540, 562] 
jonathan, 14.0, 71, 24, 67, [470.], Trigonometric, FullFace, 6, [205, 378] 
jonathan, 14.0, 44, 41, 15, [470.], Linear, FullFace, -16, [205, 378] 
jonathan, 14.0, 75, 22, 71, [458.], Trigonometric, FullFace, -1, [64, 325] 
jonathan, 14.0, 40, 30, 27, [458.], Linear, FullFace, 2, [64, 325] 
jonathan, 14.0, 47, 1, 47, [458.], Trigonometric, FullFace, 24, [382, 270] 
jonathan, 14.0, 6, 6, 1, [458.], Linear, FullFace, 27, [382, 270] 
jonathan, 14.0, 38, 5, 37, [462.], Trigonometric, FullFace, 18, [216, 236] 
jonathan, 14.0, 21, 17, 12, [462.], Linear, FullFace, 1, [216, 236] 
jonathan, 14.0, 44, 4, 43, [461.], Trigonometric, FullFace, 28, [351, 286] 
jonathan, 14.0, 8, 3, 7, [461.], Linear, FullFace, 29, [351, 286] 
jonathan, 14.0, 63, 3, 62, [464.], Trigonometric, FullFace, 34, [624, 399] 
jonathan, 14.0, 20, 19, 2, [464.], Linear, FullFace, 7, [624, 399] 
jonathan, 14.0, 41, 38, 15, [461.], Trigonometric, FullFace, 8, [816, 167] 
jonathan, 14.0, 56, 46, 31, [461.], Linear, FullFace, -36, [816, 167] 
jonathan, 14.0, 64, 28, 57, [466.], Trigonometric, FullFace, 42, [890, 594] 
jonathan, 14.0, 72, 68, 23, [466.], Linear, FullFace, -60, [890, 594] 
jonathan, 14.0, 64, 29, 57, [468.], Trigonometric, FullFace, 39, [711, 665] 
jonathan, 14.0, 94, 80, 49, [468.], Linear, FullFace, -51, [711, 665] 
jonathan, 14.0, 28, 28, 2, [461.], Trigonometric, FullFace, 17, [855, 63] 
jonathan, 14.0, 56, 38, 41, [461.], Linear, FullFace, -32, [855, 63] 
jonathan, 14.0, 87, 17, 85, [472.], Trigonometric, FullFace, 16, [21, 708] 
jonathan, 14.0, 96, 95, 13, [472.], Linear, FullFace, -79, [21, 708] 
jonathan, 14.0, 80, 32, 74, [470.], Trigonometric, FullFace, 8, [137, 537] 
jonathan, 14.0, 57, 56, 9, [470.], Linear, FullFace, -48, [137, 537] 
jonathan, 14.0, 16, 8, 14, [456.], Trigonometric, FullFace, 32, [143, 60] 
jonathan, 14.0, 13, 11, 6, [456.], Linear, FullFace, 23, [143, 60] 
jonathan, 14.0, 42, 9, 41, [455.], Trigonometric, FullFace, 31, [605, 253] 
jonathan, 14.0, 15, 12, 9, [455.], Linear, FullFace, 8, [605, 253] 
jonathan, 14.0, 20, 5, 19, [454.], Trigonometric, FullFace, 51, [728, 103] 
jonathan, 14.0, 23, 6, 22, [454.], Linear, FullFace, 8, [728, 103] 
jonathan, 14.0, 92, 12, 91, [461.], Trigonometric, FullFace, 27, [503, 594] 
jonathan, 14.0, 36, 33, 14, [461.], Linear, FullFace, -2, [503, 594] 
jonathan, 14.0, 69, 41, 56, [462.], Trigonometric, FullFace, 26, [768, 577] 
jonathan, 14.0, 83, 75, 36, [462.], Linear, FullFace, -57, [768, 577] 
jonathan, 14.0, 43, 23, 36, [457.], Trigonometric, FullFace, 32, [395, 162] 
jonathan, 14.0, 28, 27, 9, [457.], Linear, FullFace, 31, [395, 162] 
jonathan, 14.0, 27, 26, 3, [451.], Trigonometric, FullFace, 63, [927, 24] 
jonathan, 14.0, 49, 27, 40, [451.], Linear, FullFace, 5, [927, 24] 
jonathan, 14.0, 11, 7, 9, [459.], Trigonometric, FullFace, 30, [122, 40] 
jonathan, 14.0, 14, 1, 14, [459.], Linear, FullFace, 8, [122, 40] 
person,screen_size,err_mm,err_mm_x,err_mm_y,dist_screen_mm, convert_pixel_method, model_method,net_improve,true_pixel_location
jonathan, 14.0, 85, 69, 48,  [458.], Trigonometric, FullFace, 0, [1028, 177]
jonathan, 14.0, 16, 15, 5, [458.], Linear, FullFace, 30, [1028, 177]
jonathan, 14.0, 69, 51, 45, [465.], Trigonometric, FullFace, 0, [436, 199]
jonathan, 14.0, 49, 49, 5, [465.], Linear, FullFace, 49, [436, 199]
jonathan, 14.0, 84, 75, 37, [458.], Trigonometric, FullFace, 0, [1042, 158]
jonathan, 14.0, 25, 24, 6, [458.], Linear, FullFace, 5, [1042, 158]
jonathan, 14.0, 62, 47,40, [450.], Trigonometric, FullFace, 0, [758, 239]
jonathan, 14.0, 5, 4, 3, [450.], Linear, FullFace, 50, [758, 239] 
person,screen_size,err_mm,err_mm_x,err_mm_y,dist_screen_mm, convert_pixel_method, model_method,net_improve,true_pixel_location
jonathan, 14.0, 39, 37, 13, [477.], Trigonometric, FullFace, 20, [1104, 567] 
jonathan, 14.0, 77, 54, 55, [477.], Linear, FullFace, 2, [1104, 567] 
jonathan, 14.0, 22, 18, 13, [478.], Trigonometric, FullFace, 33, [1218, 179] 
jonathan, 14.0, 51, 28, 43, [478.], Linear, FullFace, -26, [1218, 179] 
jonathan, 14.0, 29, 9, 28, [473.], Trigonometric, FullFace, 15, [522, 286] 
jonathan, 14.0, 23, 9, 21, [473.], Linear, FullFace, 8, [522, 286] 
jonathan, 14.0, 20, 4, 19, [476.], Trigonometric, FullFace, 9, [238, 197] 
jonathan, 14.0, 26, 15, 20, [476.], Linear, FullFace, 10, [238, 197] 
jonathan, 14.0, 9, 9, 3, [476.], Trigonometric, FullFace, 35, [495, 22] 
jonathan, 14.0, 26, 25, 5, [476.], Linear, FullFace, 15, [495, 22] 
jonathan, 14.0, 22, 22, 1, [480.], Trigonometric, FullFace, 36, [1230, 350] 
jonathan, 14.0, 36, 33, 12, [480.], Linear, FullFace, 5, [1230, 350] 
jonathan, 14.0, 27, 3, 27, [469.], Trigonometric, FullFace, 14, [370, 15] 
jonathan, 14.0, 37, 18, 32, [469.], Linear, FullFace, 16, [370, 15] 
jonathan, 14.0, 37, 18, 31, [473.], Trigonometric, FullFace, 3, [191, 394] 
jonathan, 14.0, 5, 0, 5, [473.], Linear, FullFace, 18, [191, 394] 
jonathan, 14.0, 40, 8, 39, [474.], Trigonometric, FullFace, 9, [271, 381] 
jonathan, 14.0, 21, 15, 14, [474.], Linear, FullFace, 17, [271, 381] 
jonathan, 14.0, 31, 13, 28, [485.], Trigonometric, FullFace, 47, [811, 431] 
jonathan, 14.0, 20, 19, 5, [485.], Linear, FullFace, 28, [811, 431] 
jonathan, 14.0, 7, 6, 2, [474.], Trigonometric, FullFace, 28, [255, 171] 
jonathan, 14.0, 33, 29, 16, [474.], Linear, FullFace, 17, [255, 171] 
jonathan, 14.0, 36, 4, 36, [476.], Trigonometric, FullFace, 11, [420, 284] 
jonathan, 14.0, 42, 14, 40, [476.], Linear, FullFace, 3, [420, 284] 
jonathan, 14.0, 53, 3, 52, [482.], Trigonometric, FullFace, 39, [924, 540] 
jonathan, 14.0, 28, 4, 28, [482.], Linear, FullFace, 4, [924, 540] 
jonathan, 14.0, 61, 3, 61, [485.], Trigonometric, FullFace, 29, [750, 528] 
jonathan, 14.0, 47, 13, 45, [485.], Linear, FullFace, 1, [750, 528] 
jonathan, 14.0, 54, 31, 43, [481.], Trigonometric, FullFace, 9, [30, 698] 
jonathan, 14.0, 67, 36, 56, [481.], Linear, FullFace, -20, [30, 698] 
jonathan, 14.0, 16, 3, 16, [492.], Trigonometric, FullFace, 47, [883, 399] 
jonathan, 14.0, 12, 9, 8, [492.], Linear, FullFace, 19, [883, 399] 
jonathan, 14.0, 15, 6, 14, [483.], Trigonometric, FullFace, 21, [463, 217] 
jonathan, 14.0, 13, 9, 8, [483.], Linear, FullFace, 16, [463, 217] 
jonathan, 14.0, 49, 41, 28, [480.], Trigonometric, FullFace, -14, [1118, 160] 
jonathan, 14.0, 56, 52, 20, [480.], Linear, FullFace, 2, [1118, 160]
jonathan, 14.0, 43, 5, 43, [489.], Trigonometric, FullFace, 31, [740, 495]
jonathan, 14.0, 16, 5, 15, [489.], Linear, FullFace, 14, [740, 495] 
jonathan, 14.0, 61, 6, 61, [479.], Trigonometric, FullFace, -1, [358, 85] 
jonathan, 14.0, 111, 20, 109, [479.], Linear, FullFace, 6, [358, 85] 
jonathan, 14.0, 36, 30, 20, [514.], Trigonometric, FullFace, 23, [125, 180] 
jonathan, 14.0, 37, 21, 30, [514.], Linear, FullFace, -5, [125, 180] 
jonathan, 14.0, 9, 0, 9, [484.], Trigonometric, FullFace, 39, [709, 192] 
jonathan, 14.0, 14, 10, 9, [484.], Linear, FullFace, 25, [709, 192] 
jonathan, 14.0, 35, 23, 26, [482.], Trigonometric, FullFace, 13, [1106, 33] 
jonathan, 14.0, 25, 24, 6, [482.], Linear, FullFace, -1, [1106, 33] 
jonathan, 14.0, 66, 21, 63, [481.], Trigonometric, FullFace, 19, [564, 664] 
jonathan, 14.0, 2, 2, 0, [481.], Linear, FullFace, 24, [564, 664] 
jonathan, 14.0, 14, 6, 12, [477.], Trigonometric, FullFace, 30, [702, 209] 
jonathan, 14.0, 22, 15, 15, [477.], Linear, FullFace, 13, [702, 209] 
jonathan, 14.0, 30, 28, 12, [485.], Trigonometric, FullFace, -2, [797, 88] 
jonathan, 14.0, 15, 12, 9, [485.], Linear, FullFace, -2, [797, 88] 
jonathan, 14.0, 81, 47, 65, [474.], Trigonometric, FullFace, -7, [239, 548] 
jonathan, 14.0, 32, 18, 26, [474.], Linear, FullFace, -8, [239, 548] 
jonathan, 14.0, 73, 65, 33, [478.], Trigonometric, FullFace, -14, [241, 670] 
jonathan, 14.0, 80, 39, 70, [478.], Linear, FullFace, -14, [241, 670] 
jonathan, 14.0, 11, 9, 6, [473.], Trigonometric, FullFace, 37, [859, 238] 
jonathan, 14.0, 19, 3, 19, [473.], Linear, FullFace, 24, [859, 238] 
jonathan, 14.0, 19, 10, 15, [474.], Trigonometric, FullFace, 15, [565, 163] 
jonathan, 14.0, 37, 12, 35, [474.], Linear, FullFace, -1, [565, 163] 
person,screen_size,err_mm,err_mm_x,err_mm_y,dist_screen_mm, convert_pixel_method, model_method,net_improve,true_pixel_location
Tomer, 14, 36, 20, 30, [392.], Trigonometric, FullFace, 33, [421, 311] 
Tomer, 14, 25, 14, 21, [392.], Linear, FullFace, 18, [421, 311] 
Tomer, 14, 61, 48, 37, [389.], Trigonometric, FullFace, 33, [833, 595] 
Tomer, 14, 10, 6, 8, [389.], Linear, FullFace, 25, [833, 595] 
Tomer, 14, 40, 37, 15, [379.], Trigonometric, FullFace, 41, [1127, 463] 
Tomer, 14, 36, 30, 20, [379.], Linear, FullFace, -23, [1127, 463] 
Tomer, 14, 44, 1, 44, [391.], Trigonometric, FullFace, 37, [72, 522] 
Tomer, 14, 21, 16, 13, [391.], Linear, FullFace, -4, [72, 522] 
Tomer, 14, 38, 21, 32, [386.], Trigonometric, FullFace, 45, [733, 648] 
Tomer, 14, 51, 51, 3, [386.], Linear, FullFace, -13, [733, 648] 
Tomer, 14, 35, 33, 12, [380.], Trigonometric, FullFace, 16, [773, 98] 
Tomer, 14, 17, 15, 6, [380.], Linear, FullFace, 27, [773, 98] 
Tomer, 14, 30, 3, 30, [380.], Trigonometric, FullFace, 38, [395, 235] 
Tomer, 14, 49, 5, 49, [380.], Linear, FullFace, -15, [395, 235] 
Tomer, 14, 70, 19, 67, [388.], Trigonometric, FullFace, 33, [159, 683] 
Tomer, 14, 32, 6, 31, [388.], Linear, FullFace, -2, [159, 683] 
Tomer, 14, 21, 4, 20, [364.], Trigonometric, FullFace, 2, [597, 105] 
Tomer, 14, 37, 37, 5, [364.], Linear, FullFace, -5, [597, 105] 
Tomer, 14, 23, 3, 23, [377.], Trigonometric, FullFace, 44, [545, 354] 
Tomer, 14, 37, 27, 25, [377.], Linear, FullFace, -36, [545, 354] 
Tomer, 14, 23, 21, 9, [375.], Trigonometric, FullFace, 9, [366, 79] 
Tomer, 14, 28, 27, 8, [375.], Linear, FullFace, 32, [366, 79] 
Tomer, 14, 22, 10, 19, [375.], Trigonometric, FullFace, 45, [742, 219] 
Tomer, 14, 66, 40, 53, [375.], Linear, FullFace, -25, [742, 219] 
Tomer, 14, 22, 20, 7, [375.], Trigonometric, FullFace, 23, [658, 236] 
Tomer, 14, 67, 67, 3, [375.], Linear, FullFace, -21, [658, 236] 
Tomer, 14, 64, 7, 64, [380.], Trigonometric, FullFace, 48, [422, 687] 
Tomer, 14, 71, 52, 49, [380.], Linear, FullFace, -42, [422, 687] 
Tomer, 14, 65, 5, 64, [376.], Trigonometric, FullFace, 42, [356, 588] 
Tomer, 14, 68, 31, 60, [376.], Linear, FullFace, -31, [356, 588] 
Tomer, 14, 34, 14, 31, [387.], Trigonometric, FullFace, -31, [59, 31] 
Tomer, 14, 68, 53, 42, [387.], Linear, FullFace, -1, [59, 31] 
Tomer, 14, 25, 15, 21, [376.], Trigonometric, FullFace, 44, [680, 493] 
Tomer, 14, 42, 42, 2, [376.], Linear, FullFace, -9, [680, 493] 
Tomer, 14, 27, 5, 26, [377.], Trigonometric, FullFace, -22, [171, 21] 
Tomer, 14, 40, 12, 38, [377.], Linear, FullFace, 28, [171, 21] 
Tomer, 14, 76, 6, 76, [384.], Trigonometric, FullFace, 44, [501, 663] 
Tomer, 14, 75, 34, 66, [384.], Linear, FullFace, -34, [501, 663] 
Tomer, 14, 34, 29, 18, [367.], Trigonometric, FullFace, 20, [971, 46] 
Tomer, 14, 12, 4, 11, [367.], Linear, FullFace, 7, [971, 46] 
Tomer, 14, 61, 3, 61, [392.], Trigonometric, FullFace, 35, [30, 574] 
Tomer, 14, 53, 41, 33, [392.], Linear, FullFace, -37, [30, 574] 
Tomer, 14, 12, 12, 3, [384.], Trigonometric, FullFace, 39, [820, 71] 
Tomer, 14, 20, 10, 17, [384.], Linear, FullFace, -6, [820, 71] 
Tomer, 14, 7, 5, 6, [384.], Trigonometric, FullFace, 44, [608, 316] 
Tomer, 14, 32, 32, 3, [384.], Linear, FullFace, -9, [608, 316] 
Tomer, 14, 58, 49, 32, [376.], Trigonometric, FullFace, 45, [1245, 646] 
Tomer, 14, 55, 46, 29, [376.], Linear, FullFace, -40, [1245, 646] 
Tomer, 14, 34, 30, 15, [377.], Trigonometric, FullFace, 34, [803, 542] 
Tomer, 14, 40, 36, 16, [377.], Linear, FullFace, 8, [803, 542] 
Tomer, 14, 61, 50, 35, [377.], Trigonometric, FullFace, 34, [919, 622] 
Tomer, 14, 20, 20, 3, [377.], Linear, FullFace, 12, [919, 622] 
Tomer, 14, 46, 35, 30, [349.], Trigonometric, FullFace, 15, [1216, 24] 
Tomer, 14, 20, 19, 5, [349.], Linear, FullFace, -13, [1216, 24] 
Tomer, 14, 29, 25, 14, [356.], Trigonometric, FullFace, 24, [1017, 125] 
Tomer, 14, 30, 22, 19, [356.], Linear, FullFace, -20, [1017, 125] 
Tomer, 14, 6, 5, 2, [350.], Trigonometric, FullFace, 48, [913, 85] 
Tomer, 14, 48, 43, 20, [350.], Linear, FullFace, -26, [913, 85] 
Tomer, 14, 89, 75, 48, [373.], Trigonometric, FullFace, 30, [1043, 673] 
Tomer, 14, 18, 0, 18, [373.], Linear, FullFace, 20, [1043, 673] 
person,screen_size,err_mm,err_mm_x,err_mm_y,dist_screen_mm, convert_pixel_method, model_method,net_improve,true_pixel_location
Tomer, 14, 15, 15, 0, [376.], Trigonometric, FullFace, 27, [737, 163] 
Tomer, 14, 56, 35, 44, [376.], Linear, FullFace, -10, [737, 163] 
Tomer, 14, 57, 46, 33, [367.], Trigonometric, FullFace, 37, [1109, 373] 
Tomer, 14, 23, 22, 8, [367.], Linear, FullFace, 29, [1109, 373] 
Tomer, 14, 29, 28, 6, [368.], Trigonometric, FullFace, 30, [961, 304] 
Tomer, 14, 48, 34, 33, [368.], Linear, FullFace, 1, [961, 304] 
Tomer, 14, 38, 28, 25, [372.], Trigonometric, FullFace, 34, [748, 636] 
Tomer, 14, 45, 0, 45, [372.], Linear, FullFace, 0, [748, 636] 
Tomer, 14, 45, 10, 44, [388.], Trigonometric, FullFace, 38, [545, 496] 
Tomer, 14, 19, 19, 2, [388.], Linear, FullFace, 19, [545, 496] 
Tomer, 14, 59, 51, 29, [386.], Trigonometric, FullFace, 35, [1164, 544] 
Tomer, 14, 5, 5, 0, [386.], Linear, FullFace, 28, [1164, 544] 
Tomer, 14, 70, 64, 29, [381.], Trigonometric, FullFace, 24, [1078, 631] 
Tomer, 14, 26, 15, 21, [381.], Linear, FullFace, -15, [1078, 631] 
Tomer, 14, 26, 8, 25, [358.], Trigonometric, FullFace, 35, [335, 213] 
Tomer, 14, 30, 29, 1, [358.], Linear, FullFace, 11, [335, 213] 
Tomer, 14, 63, 38, 50, [379.], Trigonometric, FullFace, 41, [969, 664] 
Tomer, 14, 13, 12, 5, [379.], Linear, FullFace, 27, [969, 664] 
Tomer, 14, 18, 9, 16, [387.], Trigonometric, FullFace, 45, [712, 250] 
Tomer, 14, 55, 54, 2, [387.], Linear, FullFace, 13, [712, 250] 
Tomer, 14, 32, 25, 21, [381.], Trigonometric, FullFace, 19, [410, 212] 
Tomer, 14, 14, 7, 13, [381.], Linear, FullFace, 4, [410, 212] 
Tomer, 14, 73, 72, 15, [373.], Trigonometric, FullFace, 18, [1187, 541] 
Tomer, 14, 42, 18, 37, [373.], Linear, FullFace, -19, [1187, 541] 
Tomer, 14, 32, 21, 23, [382.], Trigonometric, FullFace, 31, [166, 145] 
Tomer, 14, 39, 38, 6, [382.], Linear, FullFace, 3, [166, 145] 
Tomer, 14, 47, 10, 46, [375.], Trigonometric, FullFace, 50, [765, 509] 
Tomer, 14, 69, 68, 12, [375.], Linear, FullFace, 22, [765, 509] 
Tomer, 14, 35, 4, 35, [389.], Trigonometric, FullFace, 44, [604, 569] 
Tomer, 14, 34, 29, 18, [389.], Linear, FullFace, 12, [604, 569] 
Tomer, 14, 24, 16, 17, [392.], Trigonometric, FullFace, 39, [783, 373] 
Tomer, 14, 32, 26, 19, [392.], Linear, FullFace, 7, [783, 373] 
Tomer, 14, 45, 23, 39, [354.], Trigonometric, FullFace, 39, [240, 443] 
Tomer, 14, 40, 35, 18, [354.], Linear, FullFace, 4, [240, 443] 
Tomer, 14, 81, 38, 71, [365.], Trigonometric, FullFace, 39, [60, 655] 
Tomer, 14, 50, 50, 5, [365.], Linear, FullFace, 14, [60, 655] 
Tomer, 14, 62, 62, 2, [371.], Trigonometric, FullFace, 11, [1101, 437] 
Tomer, 14, 49, 11, 48, [371.], Linear, FullFace, -17, [1101, 437] 
Tomer, 14, 25, 13, 21, [372.], Trigonometric, FullFace, 45, [851, 463] 
Tomer, 14, 44, 40, 18, [372.], Linear, FullFace, 13, [851, 463] 
Tomer, 14, 50, 33, 38, [383.], Trigonometric, FullFace, 40, [935, 567] 
Tomer, 14, 14, 14, 1, [383.], Linear, FullFace, 23, [935, 567] 
Tomer, 14, 66, 61, 25, [381.], Trigonometric, FullFace, -7, [1059, 56] 
Tomer, 14, 46, 13, 44, [381.], Linear, FullFace, -34, [1059, 56] 
Tomer, 14, 22, 16, 15, [380.], Trigonometric, FullFace, 34, [347, 124] 
Tomer, 14, 44, 43, 11, [380.], Linear, FullFace, 3, [347, 124] 
Tomer, 14, 17, 5, 16, [374.], Trigonometric, FullFace, 2, [518, 7] 
Tomer, 14, 54, 26, 47, [374.], Linear, FullFace, -25, [518, 7] 
Tomer, 14, 77, 40, 66, [375.], Trigonometric, FullFace, 37, [825, 691] 
Tomer, 14, 9, 3, 9, [375.], Linear, FullFace, 24, [825, 691] 
Tomer, 14, 52, 46, 24, [375.], Trigonometric, FullFace, -9, [914, 5] 
Tomer, 14, 50, 0, 50, [375.], Linear, FullFace, -34, [914, 5] 
Tomer, 14, 35, 31, 17, [379.], Trigonometric, FullFace, 27, [776, 322] 
Tomer, 14, 20, 8, 18, [379.], Linear, FullFace, -1, [776, 322] 
Tomer, 14, 9, 1, 9, [376.], Trigonometric, FullFace, 36, [196, 282] 
Tomer, 14, 49, 11, 47, [376.], Linear, FullFace, -17, [196, 282] 
Tomer, 14, 78, 73, 27, [378.], Trigonometric, FullFace, 22, [1153, 548] 
Tomer, 14, 29, 21, 19, [378.], Linear, FullFace, -28, [1153, 548] 
Tomer, 14, 37, 37, 1, [380.], Trigonometric, FullFace, 18, [991, 323] 
Tomer, 14, 36, 12, 34, [380.], Linear, FullFace, -8, [991, 323]
person,screen_size,err_mm,err_mm_x,err_mm_y,dist_screen_mm, convert_pixel_method, model_method,net_improve,true_pixel_location
Tomer, 14, 30, 27, 13, [438.], Trigonometric, FullFace, 31, [490, 680] 
Tomer, 14, 16, 9, 12, [438.], Linear, FullFace, 25, [490, 680] 
Tomer, 14, 51, 48, 18, [436.], Trigonometric, FullFace, 39, [1032, 632] 
Tomer, 14, 24, 14, 19, [436.], Linear, FullFace, 10, [1032, 632] 
Tomer, 14, 40, 11, 38, [434.], Trigonometric, FullFace, 2, [1132, 133] 
Tomer, 14, 61, 48, 37, [434.], Linear, FullFace, -41, [1132, 133] 
Tomer, 14, 14, 6, 12, [433.], Trigonometric, FullFace, 24, [670, 548] 
Tomer, 14, 43, 39, 17, [433.], Linear, FullFace, -24, [670, 548] 
Tomer, 14, 28, 3, 28, [435.], Trigonometric, FullFace, 26, [14, 314] 
Tomer, 14, 83, 79, 25, [435.], Linear, FullFace, -17, [14, 314] 
Tomer, 14, 46, 3, 46, [440.], Trigonometric, FullFace, 38, [114, 620] 
Tomer, 14, 54, 10, 53, [440.], Linear, FullFace, -6, [114, 620] 
Tomer, 14, 3, 2, 2, [430.], Trigonometric, FullFace, 35, [783, 87] 
Tomer, 14, 19, 14, 12, [430.], Linear, FullFace, -6, [783, 87] 
Tomer, 14, 7, 2, 6, [437.], Trigonometric, FullFace, 51, [899, 476] 
Tomer, 14, 55, 54, 7, [437.], Linear, FullFace, -22, [899, 476] 
Tomer, 14, 32, 26, 19, [431.], Trigonometric, FullFace, 24, [1028, 60] 
Tomer, 14, 18, 4, 17, [431.], Linear, FullFace, 4, [1028, 60] 
Tomer, 14, 38, 37, 8, [435.], Trigonometric, FullFace, 0, [485, 27] 
Tomer, 14, 76, 75, 8, [435.], Linear, FullFace, 16, [485, 27] 
Tomer, 14, 42, 12, 40, [432.], Trigonometric, FullFace, 40, [734, 494] 
Tomer, 14, 44, 2, 44, [432.], Linear, FullFace, 18, [734, 494] 
Tomer, 14, 22, 20, 8, [438.], Trigonometric, FullFace, 19, [520, 206] 
Tomer, 14, 44, 42, 15, [438.], Linear, FullFace, 23, [520, 206] 
Tomer, 14, 36, 36, 1, [434.], Trigonometric, FullFace, -6, [299, 147] 
Tomer, 14, 23, 23, 1, [434.], Linear, FullFace, 20, [299, 147] 
Tomer, 14, 39, 35, 17, [440.], Trigonometric, FullFace, 27, [547, 656] 
Tomer, 14, 26, 18, 18, [440.], Linear, FullFace, 24, [547, 656] 
Tomer, 14, 27, 10, 25, [435.], Trigonometric, FullFace, 54, [893, 678] 
Tomer, 14, 60, 55, 24, [435.], Linear, FullFace, -21, [893, 678] 
Tomer, 14, 44, 44, 1, [445.], Trigonometric, FullFace, -5, [331, 194] 
Tomer, 14, 39, 39, 6, [445.], Linear, FullFace, 20, [331, 194] 
Tomer, 14, 28, 22, 17, [440.], Trigonometric, FullFace, 13, [784, 22] 
Tomer, 14, 27, 16, 22, [440.], Linear, FullFace, 11, [784, 22] 
Tomer, 14, 40, 39, 9, [432.], Trigonometric, FullFace, 0, [554, 327] 
Tomer, 14, 43, 42, 9, [432.], Linear, FullFace, 25, [554, 327] 
Tomer, 14, 22, 17, 14, [437.], Trigonometric, FullFace, 51, [1121, 252] 
Tomer, 14, 35, 33, 14, [437.], Linear, FullFace, 11, [1121, 252] 
Tomer, 14, 49, 49, 4, [437.], Trigonometric, FullFace, -4, [341, 419] 
Tomer, 14, 41, 40, 6, [437.], Linear, FullFace, 24, [341, 419] 
Tomer, 14, 38, 3, 38, [411.], Trigonometric, FullFace, 28, [169, 405] 
Tomer, 14, 39, 2, 38, [411.], Linear, FullFace, 7, [169, 405] 
Tomer, 14, 36, 36, 1, [438.], Trigonometric, FullFace, 10, [580, 69] 
Tomer, 14, 60, 60, 0, [438.], Linear, FullFace, 20, [580, 69] 
Tomer, 14, 28, 27, 6, [443.], Trigonometric, FullFace, 29, [731, 451] 
Tomer, 14, 9, 1, 9, [443.], Linear, FullFace, 22, [731, 451] 
Tomer, 14, 21, 20, 5, [442.], Trigonometric, FullFace, 29, [706, 312] 
Tomer, 14, 7, 2, 6, [442.], Linear, FullFace, 27, [706, 312] 
Tomer, 14, 13, 12, 3, [444.], Trigonometric, FullFace, 41, [474, 697] 
Tomer, 14, 17, 17, 5, [444.], Linear, FullFace, -1, [474, 697] 
Tomer, 14, 30, 30, 1, [445.], Trigonometric, FullFace, 16, [517, 572] 
Tomer, 14, 14, 13, 2, [445.], Linear, FullFace, 30, [517, 572] 
Tomer, 14, 45, 36, 27, [445.], Trigonometric, FullFace, 29, [533, 664] 
Tomer, 14, 39, 20, 33, [445.], Linear, FullFace, 17, [533, 664] 
Tomer, 14, 51, 43, 27, [439.], Trigonometric, FullFace, 21, [457, 657] 
Tomer, 14, 51, 40, 31, [439.], Linear, FullFace, 21, [457, 657] 
Tomer, 14, 27, 26, 5, [436.], Trigonometric, FullFace, 0, [111, 68] 
Tomer, 14, 84, 84, 1, [436.], Linear, FullFace, -18, [111, 68] 
Tomer, 14, 54, 53, 8, [438.], Trigonometric, FullFace, 1, [462, 199] 
Tomer, 14, 92, 90, 16, [438.], Linear, FullFace, 19, [462, 199] 
person,screen_size,err_mm,err_mm_x,err_mm_y,dist_screen_mm, convert_pixel_method, model_method,net_improve,true_pixel_location
oren, 14, 38, 38, 2, [503.], Trigonometric, FullFace, -19, [594, 410] 
oren, 14, 213, 213, 13, [503.], Linear, FullFace, -1, [594, 410] 
oren, 14, 49, 45, 19, [495.], Trigonometric, FullFace, -10, [769, 405] 
oren, 14, 286, 283, 42, [495.], Linear, FullFace, 8, [769, 405] 
oren, 14, 29, 20, 21, [505.], Trigonometric, FullFace, -21, [629, 598] 
oren, 14, 194, 193, 8, [505.], Linear, FullFace, -6, [629, 598] 
oren, 14, 41, 39, 11, [502.], Trigonometric, FullFace, -7, [101, 520] 
oren, 14, 109, 109, 11, [502.], Linear, FullFace, -20, [101, 520] 
oren, 14, 29, 6, 28, [499.], Trigonometric, FullFace, -4, [1138, 677] 
oren, 14, 312, 312, 9, [499.], Linear, FullFace, 16, [1138, 677] 
oren, 14, 55, 49, 25, [502.], Trigonometric, FullFace, -9, [822, 400] 
oren, 14, 314, 311, 40, [502.], Linear, FullFace, 11, [822, 400] 
oren, 14, 499, 91, 491, [1136.], Trigonometric, FullFace, 173, [379, 414] 
oren, 14, 152, 134, 71, [1136.], Linear, FullFace, -9, [379, 414] 
oren, 14, 577, 25, 576, [1229.], Trigonometric, FullFace, 92, [104, 594] 
oren, 14, 300, 293, 68, [1229.], Linear, FullFace, -4, [104, 594] 
oren, 14, 21, 2, 21, [509.], Trigonometric, FullFace, -3, [9, 615] 
oren, 14, 54, 41, 35, [509.], Linear, FullFace, -36, [9, 615] 
oren, 14, 16, 2, 15, [479.], Trigonometric, FullFace, 8, [555, 454] 
oren, 14, 135, 134, 15, [479.], Linear, FullFace, -10, [555, 454] 
oren, 14, 492, 155, 467, [1083.], Trigonometric, FullFace, 171, [642, 595] 
oren, 14, 134, 101, 87, [1083.], Linear, FullFace, -11, [642, 595] 
oren, 14, 36, 31, 17, [480.], Trigonometric, FullFace, -7, [176, 164] 
oren, 14, 80, 78, 19, [480.], Linear, FullFace, -14, [176, 164] 
oren, 14, 42, 19, 37, [472.], Trigonometric, FullFace, -11, [717, 311] 
oren, 14, 183, 181, 23, [472.], Linear, FullFace, 2, [717, 311] 
oren, 14, 570, 273, 500, [1078.], Trigonometric, FullFace, 167, [1129, 678] 
oren, 14, 79, 36, 70, [1078.], Linear, FullFace, -11, [1129, 678] 
oren, 14, 147, 147, 4, [503.], Trigonometric, FullFace, -22, [500, 654] 
oren, 14, 470, 468, 36, [503.], Linear, FullFace, 13, [500, 654] 
oren, 14, 44, 14, 42, [475.], Trigonometric, FullFace, 11, [110, 16] 
oren, 14, 30, 7, 29, [475.], Linear, FullFace, 17, [110, 16] 
oren, 14, 24, 17, 16, [467.], Trigonometric, FullFace, 24, [1163, 9] 
oren, 14, 268, 266, 34, [467.], Linear, FullFace, 22, [1163, 9] 
oren, 14, 43, 43, 1, [472.], Trigonometric, FullFace, -26, [890, 46] 
oren, 14, 252, 251, 7, [472.], Linear, FullFace, 16, [890, 46] 
oren, 14, 17, 17, 1, [463.], Trigonometric, FullFace, 20, [862, 2] 
oren, 14, 188, 188, 11, [463.], Linear, FullFace, 10, [862, 2] 
oren, 14, 631, 267, 571, [1108.], Trigonometric, FullFace, 184, [1106, 309] 
oren, 14, 4, 2, 3, [1108.], Linear, FullFace, 2, [1106, 309] 
oren, 14, 44, 9, 43, [482.], Trigonometric, FullFace, -11, [373, 662] 
oren, 14, 93, 89, 25, [482.], Linear, FullFace, -24, [373, 662] 
oren, 14, 33, 3, 33, [471.], Trigonometric, FullFace, 29, [1171, 173] 
oren, 14, 287, 279, 64, [471.], Linear, FullFace, 18, [1171, 173] 
oren, 14, 22, 16, 14, [474.], Trigonometric, FullFace, 0, [1164, 436] 
oren, 14, 305, 305, 13, [474.], Linear, FullFace, 19, [1164, 436] 
oren, 14, 44, 39, 20, [481.], Trigonometric, FullFace, -28, [420, 530] 
oren, 14, 152, 152, 0, [481.], Linear, FullFace, -12, [420, 530] 
oren, 14, 647, 263, 591, [1214.], Trigonometric, FullFace, 159, [1088, 388] 
oren, 14, 86, 80, 31, [1214.], Linear, FullFace, -1, [1088, 388] 
oren, 14, 69, 68, 13, [476.], Trigonometric, FullFace, -23, [81, 482] 
oren, 14, 122, 122, 1, [476.], Linear, FullFace, -21, [81, 482] 
oren, 14, 501, 175, 469, [1067.], Trigonometric, FullFace, 153, [725, 703] 
oren, 14, 143, 113, 87, [1067.], Linear, FullFace, -11, [725, 703] 
oren, 14, 42, 35, 22, [489.], Trigonometric, FullFace, -27, [399, 567] 
oren, 14, 150, 149, 8, [489.], Linear, FullFace, -14, [399, 567] 
oren, 14, 620, 246, 569, [1048.], Trigonometric, FullFace, 148, [1017, 326] 
oren, 14, 49, 46, 17, [1048.], Linear, FullFace, -1, [1017, 326] 
oren, 14, 583, 306, 496, [1077.], Trigonometric, FullFace, 200, [1265, 538] 
oren, 14, 69, 34, 59, [1077.], Linear, FullFace, -4, [1265, 538] 
person,screen_size,err_mm,err_mm_x,err_mm_y,dist_screen_mm, convert_pixel_method, model_method,net_improve,true_pixel_location
ron, 14, 147, 6, 147, [461.], Trigonometric, FullFace, 0, [391, 30] 
ron, 14, 60, 54, 26, [461.], Linear, FullFace, -48, [391, 30] 
ron, 14, 227, 5, 227, [465.], Trigonometric, FullFace, 0, [530, 660] 
ron, 14, 26, 22, 13, [465.], Linear, FullFace, 28, [530, 660] 
ron, 14, 196, 28, 194, [466.], Trigonometric, FullFace, 0, [441, 395] 
ron, 14, 84, 84, 0, [466.], Linear, FullFace, -56, [441, 395] 
ron, 14, 144, 4, 144, [456.], Trigonometric, FullFace, 0, [198, 60] 
ron, 14, 48, 47, 9, [456.], Linear, FullFace, -25, [198, 60] 
ron, 14, 223, 11, 222, [453.], Trigonometric, FullFace, 0, [821, 468] 
ron, 14, 47, 14, 45, [453.], Linear, FullFace, 47, [821, 468] 
ron, 14, 157, 10, 157, [458.], Trigonometric, FullFace, 0, [393, 199] 
ron, 14, 67, 65, 17, [458.], Linear, FullFace, -62, [393, 199] 
ron, 14, 183, 4, 182, [466.], Trigonometric, FullFace, 0, [452, 354] 
ron, 14, 35, 34, 5, [466.], Linear, FullFace, 5, [452, 354] 
ron, 14, 174, 10, 173, [465.], Trigonometric, FullFace, 0, [28, 275] 
ron, 14, 6, 6, 1, [465.], Linear, FullFace, 13, [28, 275] 
ron, 14, 152, 8, 151, [464.], Trigonometric, FullFace, 0, [57, 131] 
ron, 14, 21, 13, 16, [464.], Linear, FullFace, -15, [57, 131] 
ron, 14, 239, 73, 228, [468.], Trigonometric, FullFace, 0, [1225, 614] 
ron, 14, 71, 67, 23, [468.], Linear, FullFace, -20, [1225, 614] 
ron, 14, 209, 93, 187, [465.], Trigonometric, FullFace, 0, [1267, 590] 
ron, 14, 102, 90, 47, [465.], Linear, FullFace, -79, [1267, 590] 
ron, 14, 150, 47, 143, [444.], Trigonometric, FullFace, 0, [1138, 130] 
ron, 14, 48, 30, 38, [444.], Linear, FullFace, 2, [1138, 130] 
ron, 14, 186, 53, 178, [467.], Trigonometric, FullFace, 0, [990, 279] 
ron, 14, 60, 57, 17, [467.], Linear, FullFace, -39, [990, 279] 
ron, 14, 249, 42, 245, [464.], Trigonometric, FullFace, 0, [888, 695] 
ron, 14, 60, 54, 25, [464.], Linear, FullFace, -5, [888, 695] 
ron, 14, 187, 8, 187, [464.], Trigonometric, FullFace, 0, [598, 700] 
ron, 14, 84, 40, 73, [464.], Linear, FullFace, -22, [598, 700] 
ron, 14, 119, 24, 116, [455.], Trigonometric, FullFace, 0, [328, 33] 
ron, 14, 97, 79, 56, [455.], Linear, FullFace, -51, [328, 33] 
ron, 14, 161, 5, 161, [459.], Trigonometric, FullFace, 0, [705, 176] 
ron, 14, 6, 0, 6, [459.], Linear, FullFace, 71, [705, 176] 
ron, 14, 74, 22, 71, [470.], Trigonometric, FullFace, 0, [205, 52] 
ron, 14, 158, 49, 150, [470.], Linear, FullFace, -20, [205, 52] 
ron, 14, 227, 49, 221, [459.], Trigonometric, FullFace, 0, [1213, 528] 
ron, 14, 48, 33, 34, [459.], Linear, FullFace, 30, [1213, 528] 
ron, 14, 155, 7, 155, [458.], Trigonometric, FullFace, 0, [418, 161] 
ron, 14, 38, 35, 14, [458.], Linear, FullFace, -4, [418, 161] 
ron, 14, 206, 3, 206, [466.], Trigonometric, FullFace, 0, [194, 699] 
ron, 14, 55, 46, 30, [466.], Linear, FullFace, -45, [194, 699] 
ron, 14, 200, 51, 194, [458.], Trigonometric, FullFace, 0, [1031, 538] 
ron, 14, 61, 57, 23, [458.], Linear, FullFace, -39, [1031, 538] 
ron, 14, 235, 20, 235, [460.], Trigonometric, FullFace, 0, [458, 547] 
ron, 14, 89, 73, 51, [460.], Linear, FullFace, -15, [458, 547] 
ron, 14, 131, 2, 131, [459.], Trigonometric, FullFace, 0, [296, 28] 
ron, 14, 64, 54, 35, [459.], Linear, FullFace, -47, [296, 28] 
ron, 14, 197, 36, 194, [463.], Trigonometric, FullFace, 0, [966, 509] 
ron, 14, 39, 34, 18, [463.], Linear, FullFace, 6, [966, 509] 
ron, 14, 214, 46, 209, [460.], Trigonometric, FullFace, 0, [999, 659] 
ron, 14, 53, 48, 22, [460.], Linear, FullFace, -21, [999, 659] 
ron, 14, 144, 8, 143, [457.], Trigonometric, FullFace, 0, [458, 117] 
ron, 14, 36, 24, 26, [457.], Linear, FullFace, 9, [458, 117] 
ron, 14, 204, 17, 204, [460.], Trigonometric, FullFace, 0, [338, 553] 
ron, 14, 82, 81, 6, [460.], Linear, FullFace, -61, [338, 553] 
ron, 14, 178, 9, 178, [459.], Trigonometric, FullFace, 0, [758, 292] 
ron, 14, 15, 15, 2, [459.], Linear, FullFace, 49, [758, 292] 
ron, 14, 211, 21, 210, [460.], Trigonometric, FullFace, 0, [770, 576] 
ron, 14, 31, 31, 2, [460.], Linear, FullFace, 19, [770, 576] 
